kind,rho,arm,metric,n,mean16,mean128,change128minus16,ci95_low,ci95_high,wins,ties,losses,mean_paired_mcse,contrast_mean_mcse,unresolved_n,dataset_ids
across_budget,0.7,direct_joint,posterior_kl,20,0.3239120699686809,0.2979870789327844,-0.02592499103589647,-0.03943566708251526,-0.012414314989277685,14,6,0,9.426924612397324e-05,3.0329693587802925e-05,6,"p10_g2_rho0.7_r000,p10_g2_rho0.7_r001,p10_g2_rho0.7_r002,p10_g2_rho0.7_r003,p10_g2_rho0.7_r004,p10_g2_rho0.7_r005,p10_g2_rho0.7_r006,p10_g2_rho0.7_r007,p10_g2_rho0.7_r008,p10_g2_rho0.7_r009,p10_g2_rho0.7_r010,p10_g2_rho0.7_r011,p10_g2_rho0.7_r012,p10_g2_rho0.7_r013,p10_g2_rho0.7_r014,p10_g2_rho0.7_r015,p10_g2_rho0.7_r016,p10_g2_rho0.7_r017,p10_g2_rho0.7_r018,p10_g2_rho0.7_r019"
across_budget,0.7,direct_joint,group_union_tv,20,0.13544313952291426,0.12641488862294387,-0.009028250899970365,-0.014824161851548473,-0.003232339948392257,14,6,0,,,,"p10_g2_rho0.7_r000,p10_g2_rho0.7_r001,p10_g2_rho0.7_r002,p10_g2_rho0.7_r003,p10_g2_rho0.7_r004,p10_g2_rho0.7_r005,p10_g2_rho0.7_r006,p10_g2_rho0.7_r007,p10_g2_rho0.7_r008,p10_g2_rho0.7_r009,p10_g2_rho0.7_r010,p10_g2_rho0.7_r011,p10_g2_rho0.7_r012,p10_g2_rho0.7_r013,p10_g2_rho0.7_r014,p10_g2_rho0.7_r015,p10_g2_rho0.7_r016,p10_g2_rho0.7_r017,p10_g2_rho0.7_r018,p10_g2_rho0.7_r019"
across_budget,0.7,direct_joint,pip_mae,20,0.025692439072864413,0.023784152411879363,-0.0019082866609850466,-0.0030181280863246403,-0.0007984452356454529,13,6,1,,,,"p10_g2_rho0.7_r000,p10_g2_rho0.7_r001,p10_g2_rho0.7_r002,p10_g2_rho0.7_r003,p10_g2_rho0.7_r004,p10_g2_rho0.7_r005,p10_g2_rho0.7_r006,p10_g2_rho0.7_r007,p10_g2_rho0.7_r008,p10_g2_rho0.7_r009,p10_g2_rho0.7_r010,p10_g2_rho0.7_r011,p10_g2_rho0.7_r012,p10_g2_rho0.7_r013,p10_g2_rho0.7_r014,p10_g2_rho0.7_r015,p10_g2_rho0.7_r016,p10_g2_rho0.7_r017,p10_g2_rho0.7_r018,p10_g2_rho0.7_r019"
across_budget,0.7,direct_joint,group_pip_mae,20,0.040890279641620265,0.03833111998424119,-0.0025591596573790697,-0.004314948820877278,-0.000803370493880861,13,6,1,,,,"p10_g2_rho0.7_r000,p10_g2_rho0.7_r001,p10_g2_rho0.7_r002,p10_g2_rho0.7_r003,p10_g2_rho0.7_r004,p10_g2_rho0.7_r005,p10_g2_rho0.7_r006,p10_g2_rho0.7_r007,p10_g2_rho0.7_r008,p10_g2_rho0.7_r009,p10_g2_rho0.7_r010,p10_g2_rho0.7_r011,p10_g2_rho0.7_r012,p10_g2_rho0.7_r013,p10_g2_rho0.7_r014,p10_g2_rho0.7_r015,p10_g2_rho0.7_r016,p10_g2_rho0.7_r017,p10_g2_rho0.7_r018,p10_g2_rho0.7_r019"
across_budget,0.7,direct_joint,posterior_mean_error,20,0.04530704363107109,0.0415637911951514,-0.003743252435919686,-0.007337266463884039,-0.00014923840795533347,12,6,2,,,,"p10_g2_rho0.7_r000,p10_g2_rho0.7_r001,p10_g2_rho0.7_r002,p10_g2_rho0.7_r003,p10_g2_rho0.7_r004,p10_g2_rho0.7_r005,p10_g2_rho0.7_r006,p10_g2_rho0.7_r007,p10_g2_rho0.7_r008,p10_g2_rho0.7_r009,p10_g2_rho0.7_r010,p10_g2_rho0.7_r011,p10_g2_rho0.7_r012,p10_g2_rho0.7_r013,p10_g2_rho0.7_r014,p10_g2_rho0.7_r015,p10_g2_rho0.7_r016,p10_g2_rho0.7_r017,p10_g2_rho0.7_r018,p10_g2_rho0.7_r019"
across_budget,0.7,direct_joint,covariance_error,20,0.025002926908564354,0.023679296816944546,-0.0013236300916198086,-0.0026842658608950236,3.700567765540651e-05,12,6,2,,,,"p10_g2_rho0.7_r000,p10_g2_rho0.7_r001,p10_g2_rho0.7_r002,p10_g2_rho0.7_r003,p10_g2_rho0.7_r004,p10_g2_rho0.7_r005,p10_g2_rho0.7_r006,p10_g2_rho0.7_r007,p10_g2_rho0.7_r008,p10_g2_rho0.7_r009,p10_g2_rho0.7_r010,p10_g2_rho0.7_r011,p10_g2_rho0.7_r012,p10_g2_rho0.7_r013,p10_g2_rho0.7_r014,p10_g2_rho0.7_r015,p10_g2_rho0.7_r016,p10_g2_rho0.7_r017,p10_g2_rho0.7_r018,p10_g2_rho0.7_r019"
across_budget,0.7,direct_joint,full_support_kl,20,0.07034741580763526,0.06192103520815556,-0.008426380599479717,-0.014281672935440779,-0.002571088263518654,13,6,1,,,,"p10_g2_rho0.7_r000,p10_g2_rho0.7_r001,p10_g2_rho0.7_r002,p10_g2_rho0.7_r003,p10_g2_rho0.7_r004,p10_g2_rho0.7_r005,p10_g2_rho0.7_r006,p10_g2_rho0.7_r007,p10_g2_rho0.7_r008,p10_g2_rho0.7_r009,p10_g2_rho0.7_r010,p10_g2_rho0.7_r011,p10_g2_rho0.7_r012,p10_g2_rho0.7_r013,p10_g2_rho0.7_r014,p10_g2_rho0.7_r015,p10_g2_rho0.7_r016,p10_g2_rho0.7_r017,p10_g2_rho0.7_r018,p10_g2_rho0.7_r019"
across_budget,0.7,direct_joint,full_support_tv,20,0.13835775568325065,0.1280887963956347,-0.010268959287615986,-0.016175203361341817,-0.004362715213890157,14,6,0,,,,"p10_g2_rho0.7_r000,p10_g2_rho0.7_r001,p10_g2_rho0.7_r002,p10_g2_rho0.7_r003,p10_g2_rho0.7_r004,p10_g2_rho0.7_r005,p10_g2_rho0.7_r006,p10_g2_rho0.7_r007,p10_g2_rho0.7_r008,p10_g2_rho0.7_r009,p10_g2_rho0.7_r010,p10_g2_rho0.7_r011,p10_g2_rho0.7_r012,p10_g2_rho0.7_r013,p10_g2_rho0.7_r014,p10_g2_rho0.7_r015,p10_g2_rho0.7_r016,p10_g2_rho0.7_r017,p10_g2_rho0.7_r018,p10_g2_rho0.7_r019"
across_budget,0.7,direct_joint,conditional_kl,20,0.25356465416104557,0.23606604372462886,-0.017498610436416755,-0.026112822699804764,-0.008884398173028748,14,6,0,9.426924612397324e-05,3.0329693587802925e-05,6,"p10_g2_rho0.7_r000,p10_g2_rho0.7_r001,p10_g2_rho0.7_r002,p10_g2_rho0.7_r003,p10_g2_rho0.7_r004,p10_g2_rho0.7_r005,p10_g2_rho0.7_r006,p10_g2_rho0.7_r007,p10_g2_rho0.7_r008,p10_g2_rho0.7_r009,p10_g2_rho0.7_r010,p10_g2_rho0.7_r011,p10_g2_rho0.7_r012,p10_g2_rho0.7_r013,p10_g2_rho0.7_r014,p10_g2_rho0.7_r015,p10_g2_rho0.7_r016,p10_g2_rho0.7_r017,p10_g2_rho0.7_r018,p10_g2_rho0.7_r019"
across_budget,0.7,direct_joint,prediction_mse,20,0.08506182221519343,0.08543724528469207,0.0003754230694986479,-0.0001540160493143256,0.0009048621883116214,4,6,10,,,,"p10_g2_rho0.7_r000,p10_g2_rho0.7_r001,p10_g2_rho0.7_r002,p10_g2_rho0.7_r003,p10_g2_rho0.7_r004,p10_g2_rho0.7_r005,p10_g2_rho0.7_r006,p10_g2_rho0.7_r007,p10_g2_rho0.7_r008,p10_g2_rho0.7_r009,p10_g2_rho0.7_r010,p10_g2_rho0.7_r011,p10_g2_rho0.7_r012,p10_g2_rho0.7_r013,p10_g2_rho0.7_r014,p10_g2_rho0.7_r015,p10_g2_rho0.7_r016,p10_g2_rho0.7_r017,p10_g2_rho0.7_r018,p10_g2_rho0.7_r019"
across_budget,0.7,augmented_joint,posterior_kl,20,0.9168741117565185,0.9822000919109897,0.065325980154471,-0.0335027311955715,0.1641546915045135,10,0,10,0.000193409318950547,5.4489140056525106e-05,1,"p10_g2_rho0.7_r000,p10_g2_rho0.7_r001,p10_g2_rho0.7_r002,p10_g2_rho0.7_r003,p10_g2_rho0.7_r004,p10_g2_rho0.7_r005,p10_g2_rho0.7_r006,p10_g2_rho0.7_r007,p10_g2_rho0.7_r008,p10_g2_rho0.7_r009,p10_g2_rho0.7_r010,p10_g2_rho0.7_r011,p10_g2_rho0.7_r012,p10_g2_rho0.7_r013,p10_g2_rho0.7_r014,p10_g2_rho0.7_r015,p10_g2_rho0.7_r016,p10_g2_rho0.7_r017,p10_g2_rho0.7_r018,p10_g2_rho0.7_r019"
across_budget,0.7,augmented_joint,group_union_tv,20,0.1646777317141154,0.428312124293628,0.2636343925795127,0.235120907795492,0.2921478773635334,0,0,20,,,,"p10_g2_rho0.7_r000,p10_g2_rho0.7_r001,p10_g2_rho0.7_r002,p10_g2_rho0.7_r003,p10_g2_rho0.7_r004,p10_g2_rho0.7_r005,p10_g2_rho0.7_r006,p10_g2_rho0.7_r007,p10_g2_rho0.7_r008,p10_g2_rho0.7_r009,p10_g2_rho0.7_r010,p10_g2_rho0.7_r011,p10_g2_rho0.7_r012,p10_g2_rho0.7_r013,p10_g2_rho0.7_r014,p10_g2_rho0.7_r015,p10_g2_rho0.7_r016,p10_g2_rho0.7_r017,p10_g2_rho0.7_r018,p10_g2_rho0.7_r019"
across_budget,0.7,augmented_joint,pip_mae,20,0.03282363907162184,0.07190477745878977,0.03908113838716794,0.03384762289972365,0.044314653874612225,0,0,20,,,,"p10_g2_rho0.7_r000,p10_g2_rho0.7_r001,p10_g2_rho0.7_r002,p10_g2_rho0.7_r003,p10_g2_rho0.7_r004,p10_g2_rho0.7_r005,p10_g2_rho0.7_r006,p10_g2_rho0.7_r007,p10_g2_rho0.7_r008,p10_g2_rho0.7_r009,p10_g2_rho0.7_r010,p10_g2_rho0.7_r011,p10_g2_rho0.7_r012,p10_g2_rho0.7_r013,p10_g2_rho0.7_r014,p10_g2_rho0.7_r015,p10_g2_rho0.7_r016,p10_g2_rho0.7_r017,p10_g2_rho0.7_r018,p10_g2_rho0.7_r019"
across_budget,0.7,augmented_joint,group_pip_mae,20,0.04596850906952272,0.10429710788832566,0.058328598818802965,0.05181660668352089,0.06484059095408505,0,0,20,,,,"p10_g2_rho0.7_r000,p10_g2_rho0.7_r001,p10_g2_rho0.7_r002,p10_g2_rho0.7_r003,p10_g2_rho0.7_r004,p10_g2_rho0.7_r005,p10_g2_rho0.7_r006,p10_g2_rho0.7_r007,p10_g2_rho0.7_r008,p10_g2_rho0.7_r009,p10_g2_rho0.7_r010,p10_g2_rho0.7_r011,p10_g2_rho0.7_r012,p10_g2_rho0.7_r013,p10_g2_rho0.7_r014,p10_g2_rho0.7_r015,p10_g2_rho0.7_r016,p10_g2_rho0.7_r017,p10_g2_rho0.7_r018,p10_g2_rho0.7_r019"
across_budget,0.7,augmented_joint,posterior_mean_error,20,0.04363037070843473,0.06081476544276402,0.017184394734329287,0.00895488618460768,0.025413903284050895,2,0,18,,,,"p10_g2_rho0.7_r000,p10_g2_rho0.7_r001,p10_g2_rho0.7_r002,p10_g2_rho0.7_r003,p10_g2_rho0.7_r004,p10_g2_rho0.7_r005,p10_g2_rho0.7_r006,p10_g2_rho0.7_r007,p10_g2_rho0.7_r008,p10_g2_rho0.7_r009,p10_g2_rho0.7_r010,p10_g2_rho0.7_r011,p10_g2_rho0.7_r012,p10_g2_rho0.7_r013,p10_g2_rho0.7_r014,p10_g2_rho0.7_r015,p10_g2_rho0.7_r016,p10_g2_rho0.7_r017,p10_g2_rho0.7_r018,p10_g2_rho0.7_r019"
across_budget,0.7,augmented_joint,covariance_error,20,0.02879107298627271,0.035887356427370135,0.007096283441097438,0.0027277933854996748,0.011464773496695202,2,0,18,,,,"p10_g2_rho0.7_r000,p10_g2_rho0.7_r001,p10_g2_rho0.7_r002,p10_g2_rho0.7_r003,p10_g2_rho0.7_r004,p10_g2_rho0.7_r005,p10_g2_rho0.7_r006,p10_g2_rho0.7_r007,p10_g2_rho0.7_r008,p10_g2_rho0.7_r009,p10_g2_rho0.7_r010,p10_g2_rho0.7_r011,p10_g2_rho0.7_r012,p10_g2_rho0.7_r013,p10_g2_rho0.7_r014,p10_g2_rho0.7_r015,p10_g2_rho0.7_r016,p10_g2_rho0.7_r017,p10_g2_rho0.7_r018,p10_g2_rho0.7_r019"
across_budget,0.7,augmented_joint,full_support_kl,20,0.11957585869220069,0.6275410293930848,0.5079651707008841,0.4521551639764349,0.5637751774253332,0,0,20,,,,"p10_g2_rho0.7_r000,p10_g2_rho0.7_r001,p10_g2_rho0.7_r002,p10_g2_rho0.7_r003,p10_g2_rho0.7_r004,p10_g2_rho0.7_r005,p10_g2_rho0.7_r006,p10_g2_rho0.7_r007,p10_g2_rho0.7_r008,p10_g2_rho0.7_r009,p10_g2_rho0.7_r010,p10_g2_rho0.7_r011,p10_g2_rho0.7_r012,p10_g2_rho0.7_r013,p10_g2_rho0.7_r014,p10_g2_rho0.7_r015,p10_g2_rho0.7_r016,p10_g2_rho0.7_r017,p10_g2_rho0.7_r018,p10_g2_rho0.7_r019"
across_budget,0.7,augmented_joint,full_support_tv,20,0.18287891958278718,0.4690025834818826,0.28612366389909544,0.25160746377460286,0.320639864023588,0,0,20,,,,"p10_g2_rho0.7_r000,p10_g2_rho0.7_r001,p10_g2_rho0.7_r002,p10_g2_rho0.7_r003,p10_g2_rho0.7_r004,p10_g2_rho0.7_r005,p10_g2_rho0.7_r006,p10_g2_rho0.7_r007,p10_g2_rho0.7_r008,p10_g2_rho0.7_r009,p10_g2_rho0.7_r010,p10_g2_rho0.7_r011,p10_g2_rho0.7_r012,p10_g2_rho0.7_r013,p10_g2_rho0.7_r014,p10_g2_rho0.7_r015,p10_g2_rho0.7_r016,p10_g2_rho0.7_r017,p10_g2_rho0.7_r018,p10_g2_rho0.7_r019"
across_budget,0.7,augmented_joint,conditional_kl,20,0.7972982530643178,0.35465906251790474,-0.4426391905464132,-0.53424169709255,-0.3510366840002765,19,0,1,0.000193409318950547,5.4489140056525106e-05,0,"p10_g2_rho0.7_r000,p10_g2_rho0.7_r001,p10_g2_rho0.7_r002,p10_g2_rho0.7_r003,p10_g2_rho0.7_r004,p10_g2_rho0.7_r005,p10_g2_rho0.7_r006,p10_g2_rho0.7_r007,p10_g2_rho0.7_r008,p10_g2_rho0.7_r009,p10_g2_rho0.7_r010,p10_g2_rho0.7_r011,p10_g2_rho0.7_r012,p10_g2_rho0.7_r013,p10_g2_rho0.7_r014,p10_g2_rho0.7_r015,p10_g2_rho0.7_r016,p10_g2_rho0.7_r017,p10_g2_rho0.7_r018,p10_g2_rho0.7_r019"
across_budget,0.7,augmented_joint,prediction_mse,20,0.09078365265268108,0.08987935113240808,-0.0009043015202729888,-0.003340562343765955,0.0015319593032199772,13,0,7,,,,"p10_g2_rho0.7_r000,p10_g2_rho0.7_r001,p10_g2_rho0.7_r002,p10_g2_rho0.7_r003,p10_g2_rho0.7_r004,p10_g2_rho0.7_r005,p10_g2_rho0.7_r006,p10_g2_rho0.7_r007,p10_g2_rho0.7_r008,p10_g2_rho0.7_r009,p10_g2_rho0.7_r010,p10_g2_rho0.7_r011,p10_g2_rho0.7_r012,p10_g2_rho0.7_r013,p10_g2_rho0.7_r014,p10_g2_rho0.7_r015,p10_g2_rho0.7_r016,p10_g2_rho0.7_r017,p10_g2_rho0.7_r018,p10_g2_rho0.7_r019"
across_budget,0.7,direct_frozen,posterior_kl,20,0.3679837526717308,0.3613089597061861,-0.006674792965544718,-0.018204721737730134,0.004855135806640699,8,12,0,2.8073292044494965e-05,1.2830671440121594e-05,12,"p10_g2_rho0.7_r000,p10_g2_rho0.7_r001,p10_g2_rho0.7_r002,p10_g2_rho0.7_r003,p10_g2_rho0.7_r004,p10_g2_rho0.7_r005,p10_g2_rho0.7_r006,p10_g2_rho0.7_r007,p10_g2_rho0.7_r008,p10_g2_rho0.7_r009,p10_g2_rho0.7_r010,p10_g2_rho0.7_r011,p10_g2_rho0.7_r012,p10_g2_rho0.7_r013,p10_g2_rho0.7_r014,p10_g2_rho0.7_r015,p10_g2_rho0.7_r016,p10_g2_rho0.7_r017,p10_g2_rho0.7_r018,p10_g2_rho0.7_r019"
across_budget,0.7,direct_frozen,group_union_tv,20,0.15323798591822785,0.14851622911614654,-0.004721756802081312,-0.013436665918906524,0.003993152314743901,5,12,3,,,,"p10_g2_rho0.7_r000,p10_g2_rho0.7_r001,p10_g2_rho0.7_r002,p10_g2_rho0.7_r003,p10_g2_rho0.7_r004,p10_g2_rho0.7_r005,p10_g2_rho0.7_r006,p10_g2_rho0.7_r007,p10_g2_rho0.7_r008,p10_g2_rho0.7_r009,p10_g2_rho0.7_r010,p10_g2_rho0.7_r011,p10_g2_rho0.7_r012,p10_g2_rho0.7_r013,p10_g2_rho0.7_r014,p10_g2_rho0.7_r015,p10_g2_rho0.7_r016,p10_g2_rho0.7_r017,p10_g2_rho0.7_r018,p10_g2_rho0.7_r019"
across_budget,0.7,direct_frozen,pip_mae,20,0.02915529086448678,0.028395490369771226,-0.0007598004947155585,-0.002229505559786917,0.0007099045703557999,4,12,4,,,,"p10_g2_rho0.7_r000,p10_g2_rho0.7_r001,p10_g2_rho0.7_r002,p10_g2_rho0.7_r003,p10_g2_rho0.7_r004,p10_g2_rho0.7_r005,p10_g2_rho0.7_r006,p10_g2_rho0.7_r007,p10_g2_rho0.7_r008,p10_g2_rho0.7_r009,p10_g2_rho0.7_r010,p10_g2_rho0.7_r011,p10_g2_rho0.7_r012,p10_g2_rho0.7_r013,p10_g2_rho0.7_r014,p10_g2_rho0.7_r015,p10_g2_rho0.7_r016,p10_g2_rho0.7_r017,p10_g2_rho0.7_r018,p10_g2_rho0.7_r019"
across_budget,0.7,direct_frozen,group_pip_mae,20,0.04671842904780624,0.04536382157476716,-0.001354607473039066,-0.0037445011232019798,0.0010352861771238482,4,12,4,,,,"p10_g2_rho0.7_r000,p10_g2_rho0.7_r001,p10_g2_rho0.7_r002,p10_g2_rho0.7_r003,p10_g2_rho0.7_r004,p10_g2_rho0.7_r005,p10_g2_rho0.7_r006,p10_g2_rho0.7_r007,p10_g2_rho0.7_r008,p10_g2_rho0.7_r009,p10_g2_rho0.7_r010,p10_g2_rho0.7_r011,p10_g2_rho0.7_r012,p10_g2_rho0.7_r013,p10_g2_rho0.7_r014,p10_g2_rho0.7_r015,p10_g2_rho0.7_r016,p10_g2_rho0.7_r017,p10_g2_rho0.7_r018,p10_g2_rho0.7_r019"
across_budget,0.7,direct_frozen,posterior_mean_error,20,0.05256527866569892,0.050101763841587134,-0.0024635148241117775,-0.007275325474051611,0.002348295825828056,6,12,2,,,,"p10_g2_rho0.7_r000,p10_g2_rho0.7_r001,p10_g2_rho0.7_r002,p10_g2_rho0.7_r003,p10_g2_rho0.7_r004,p10_g2_rho0.7_r005,p10_g2_rho0.7_r006,p10_g2_rho0.7_r007,p10_g2_rho0.7_r008,p10_g2_rho0.7_r009,p10_g2_rho0.7_r010,p10_g2_rho0.7_r011,p10_g2_rho0.7_r012,p10_g2_rho0.7_r013,p10_g2_rho0.7_r014,p10_g2_rho0.7_r015,p10_g2_rho0.7_r016,p10_g2_rho0.7_r017,p10_g2_rho0.7_r018,p10_g2_rho0.7_r019"
across_budget,0.7,direct_frozen,covariance_error,20,0.02730515250246741,0.026435562172410405,-0.0008695903300570057,-0.0025210954826687974,0.0007819148225547862,7,12,1,,,,"p10_g2_rho0.7_r000,p10_g2_rho0.7_r001,p10_g2_rho0.7_r002,p10_g2_rho0.7_r003,p10_g2_rho0.7_r004,p10_g2_rho0.7_r005,p10_g2_rho0.7_r006,p10_g2_rho0.7_r007,p10_g2_rho0.7_r008,p10_g2_rho0.7_r009,p10_g2_rho0.7_r010,p10_g2_rho0.7_r011,p10_g2_rho0.7_r012,p10_g2_rho0.7_r013,p10_g2_rho0.7_r014,p10_g2_rho0.7_r015,p10_g2_rho0.7_r016,p10_g2_rho0.7_r017,p10_g2_rho0.7_r018,p10_g2_rho0.7_r019"
across_budget,0.7,direct_frozen,full_support_kl,20,0.08284460575385177,0.07900646516645216,-0.0038381405873996214,-0.011005779488397708,0.003329498313598466,5,12,3,,,,"p10_g2_rho0.7_r000,p10_g2_rho0.7_r001,p10_g2_rho0.7_r002,p10_g2_rho0.7_r003,p10_g2_rho0.7_r004,p10_g2_rho0.7_r005,p10_g2_rho0.7_r006,p10_g2_rho0.7_r007,p10_g2_rho0.7_r008,p10_g2_rho0.7_r009,p10_g2_rho0.7_r010,p10_g2_rho0.7_r011,p10_g2_rho0.7_r012,p10_g2_rho0.7_r013,p10_g2_rho0.7_r014,p10_g2_rho0.7_r015,p10_g2_rho0.7_r016,p10_g2_rho0.7_r017,p10_g2_rho0.7_r018,p10_g2_rho0.7_r019"
across_budget,0.7,direct_frozen,full_support_tv,20,0.15588755008448757,0.15120283326937387,-0.004684716815113704,-0.013453048190653237,0.004083614560425828,5,12,3,,,,"p10_g2_rho0.7_r000,p10_g2_rho0.7_r001,p10_g2_rho0.7_r002,p10_g2_rho0.7_r003,p10_g2_rho0.7_r004,p10_g2_rho0.7_r005,p10_g2_rho0.7_r006,p10_g2_rho0.7_r007,p10_g2_rho0.7_r008,p10_g2_rho0.7_r009,p10_g2_rho0.7_r010,p10_g2_rho0.7_r011,p10_g2_rho0.7_r012,p10_g2_rho0.7_r013,p10_g2_rho0.7_r014,p10_g2_rho0.7_r015,p10_g2_rho0.7_r016,p10_g2_rho0.7_r017,p10_g2_rho0.7_r018,p10_g2_rho0.7_r019"
across_budget,0.7,direct_frozen,conditional_kl,20,0.285139146917879,0.2823024945397339,-0.002836652378145098,-0.007252375846307976,0.0015790710900177802,6,12,2,2.8073292044494965e-05,1.2830671440121594e-05,12,"p10_g2_rho0.7_r000,p10_g2_rho0.7_r001,p10_g2_rho0.7_r002,p10_g2_rho0.7_r003,p10_g2_rho0.7_r004,p10_g2_rho0.7_r005,p10_g2_rho0.7_r006,p10_g2_rho0.7_r007,p10_g2_rho0.7_r008,p10_g2_rho0.7_r009,p10_g2_rho0.7_r010,p10_g2_rho0.7_r011,p10_g2_rho0.7_r012,p10_g2_rho0.7_r013,p10_g2_rho0.7_r014,p10_g2_rho0.7_r015,p10_g2_rho0.7_r016,p10_g2_rho0.7_r017,p10_g2_rho0.7_r018,p10_g2_rho0.7_r019"
across_budget,0.7,direct_frozen,prediction_mse,20,0.08468571957629079,0.08479728283164015,0.00011156325534934855,-0.00026746368325112317,0.0004905901939498202,3,12,5,,,,"p10_g2_rho0.7_r000,p10_g2_rho0.7_r001,p10_g2_rho0.7_r002,p10_g2_rho0.7_r003,p10_g2_rho0.7_r004,p10_g2_rho0.7_r005,p10_g2_rho0.7_r006,p10_g2_rho0.7_r007,p10_g2_rho0.7_r008,p10_g2_rho0.7_r009,p10_g2_rho0.7_r010,p10_g2_rho0.7_r011,p10_g2_rho0.7_r012,p10_g2_rho0.7_r013,p10_g2_rho0.7_r014,p10_g2_rho0.7_r015,p10_g2_rho0.7_r016,p10_g2_rho0.7_r017,p10_g2_rho0.7_r018,p10_g2_rho0.7_r019"
across_budget,0.7,direct_stagewise,posterior_kl,20,0.37150894922615285,0.36551927609840246,-0.0059896731277503616,-0.01639053777874409,0.004411191523243367,6,14,0,2.2687155883486242e-05,9.486001333773228e-06,14,"p10_g2_rho0.7_r000,p10_g2_rho0.7_r001,p10_g2_rho0.7_r002,p10_g2_rho0.7_r003,p10_g2_rho0.7_r004,p10_g2_rho0.7_r005,p10_g2_rho0.7_r006,p10_g2_rho0.7_r007,p10_g2_rho0.7_r008,p10_g2_rho0.7_r009,p10_g2_rho0.7_r010,p10_g2_rho0.7_r011,p10_g2_rho0.7_r012,p10_g2_rho0.7_r013,p10_g2_rho0.7_r014,p10_g2_rho0.7_r015,p10_g2_rho0.7_r016,p10_g2_rho0.7_r017,p10_g2_rho0.7_r018,p10_g2_rho0.7_r019"
across_budget,0.7,direct_stagewise,group_union_tv,20,0.15246699517108564,0.14844049214980173,-0.004026503021283905,-0.012268930546025146,0.004215924503457337,4,14,2,,,,"p10_g2_rho0.7_r000,p10_g2_rho0.7_r001,p10_g2_rho0.7_r002,p10_g2_rho0.7_r003,p10_g2_rho0.7_r004,p10_g2_rho0.7_r005,p10_g2_rho0.7_r006,p10_g2_rho0.7_r007,p10_g2_rho0.7_r008,p10_g2_rho0.7_r009,p10_g2_rho0.7_r010,p10_g2_rho0.7_r011,p10_g2_rho0.7_r012,p10_g2_rho0.7_r013,p10_g2_rho0.7_r014,p10_g2_rho0.7_r015,p10_g2_rho0.7_r016,p10_g2_rho0.7_r017,p10_g2_rho0.7_r018,p10_g2_rho0.7_r019"
across_budget,0.7,direct_stagewise,pip_mae,20,0.0289996173364021,0.02843994338068826,-0.0005596739557138406,-0.001461499098073271,0.0003421511866455898,5,14,1,,,,"p10_g2_rho0.7_r000,p10_g2_rho0.7_r001,p10_g2_rho0.7_r002,p10_g2_rho0.7_r003,p10_g2_rho0.7_r004,p10_g2_rho0.7_r005,p10_g2_rho0.7_r006,p10_g2_rho0.7_r007,p10_g2_rho0.7_r008,p10_g2_rho0.7_r009,p10_g2_rho0.7_r010,p10_g2_rho0.7_r011,p10_g2_rho0.7_r012,p10_g2_rho0.7_r013,p10_g2_rho0.7_r014,p10_g2_rho0.7_r015,p10_g2_rho0.7_r016,p10_g2_rho0.7_r017,p10_g2_rho0.7_r018,p10_g2_rho0.7_r019"
across_budget,0.7,direct_stagewise,group_pip_mae,20,0.04653488052409978,0.04550805964783826,-0.0010268208762615155,-0.0026888089534106378,0.0006351672008876065,6,14,0,,,,"p10_g2_rho0.7_r000,p10_g2_rho0.7_r001,p10_g2_rho0.7_r002,p10_g2_rho0.7_r003,p10_g2_rho0.7_r004,p10_g2_rho0.7_r005,p10_g2_rho0.7_r006,p10_g2_rho0.7_r007,p10_g2_rho0.7_r008,p10_g2_rho0.7_r009,p10_g2_rho0.7_r010,p10_g2_rho0.7_r011,p10_g2_rho0.7_r012,p10_g2_rho0.7_r013,p10_g2_rho0.7_r014,p10_g2_rho0.7_r015,p10_g2_rho0.7_r016,p10_g2_rho0.7_r017,p10_g2_rho0.7_r018,p10_g2_rho0.7_r019"
across_budget,0.7,direct_stagewise,posterior_mean_error,20,0.05315276031913922,0.05067631038709034,-0.0024764499320488772,-0.007181474719074826,0.002228574854977072,5,14,1,,,,"p10_g2_rho0.7_r000,p10_g2_rho0.7_r001,p10_g2_rho0.7_r002,p10_g2_rho0.7_r003,p10_g2_rho0.7_r004,p10_g2_rho0.7_r005,p10_g2_rho0.7_r006,p10_g2_rho0.7_r007,p10_g2_rho0.7_r008,p10_g2_rho0.7_r009,p10_g2_rho0.7_r010,p10_g2_rho0.7_r011,p10_g2_rho0.7_r012,p10_g2_rho0.7_r013,p10_g2_rho0.7_r014,p10_g2_rho0.7_r015,p10_g2_rho0.7_r016,p10_g2_rho0.7_r017,p10_g2_rho0.7_r018,p10_g2_rho0.7_r019"
across_budget,0.7,direct_stagewise,covariance_error,20,0.027653210183876738,0.026869052324432523,-0.0007841578594442111,-0.002116737662963835,0.0005484219440754128,6,14,0,,,,"p10_g2_rho0.7_r000,p10_g2_rho0.7_r001,p10_g2_rho0.7_r002,p10_g2_rho0.7_r003,p10_g2_rho0.7_r004,p10_g2_rho0.7_r005,p10_g2_rho0.7_r006,p10_g2_rho0.7_r007,p10_g2_rho0.7_r008,p10_g2_rho0.7_r009,p10_g2_rho0.7_r010,p10_g2_rho0.7_r011,p10_g2_rho0.7_r012,p10_g2_rho0.7_r013,p10_g2_rho0.7_r014,p10_g2_rho0.7_r015,p10_g2_rho0.7_r016,p10_g2_rho0.7_r017,p10_g2_rho0.7_r018,p10_g2_rho0.7_r019"
across_budget,0.7,direct_stagewise,full_support_kl,20,0.08347656468041391,0.08008481803438335,-0.003391746646030569,-0.009984500875951206,0.0032010075838900674,5,14,1,,,,"p10_g2_rho0.7_r000,p10_g2_rho0.7_r001,p10_g2_rho0.7_r002,p10_g2_rho0.7_r003,p10_g2_rho0.7_r004,p10_g2_rho0.7_r005,p10_g2_rho0.7_r006,p10_g2_rho0.7_r007,p10_g2_rho0.7_r008,p10_g2_rho0.7_r009,p10_g2_rho0.7_r010,p10_g2_rho0.7_r011,p10_g2_rho0.7_r012,p10_g2_rho0.7_r013,p10_g2_rho0.7_r014,p10_g2_rho0.7_r015,p10_g2_rho0.7_r016,p10_g2_rho0.7_r017,p10_g2_rho0.7_r018,p10_g2_rho0.7_r019"
across_budget,0.7,direct_stagewise,full_support_tv,20,0.15534798020795634,0.15147667327820935,-0.003871306929746985,-0.011520973829606842,0.003778359970112872,4,14,2,,,,"p10_g2_rho0.7_r000,p10_g2_rho0.7_r001,p10_g2_rho0.7_r002,p10_g2_rho0.7_r003,p10_g2_rho0.7_r004,p10_g2_rho0.7_r005,p10_g2_rho0.7_r006,p10_g2_rho0.7_r007,p10_g2_rho0.7_r008,p10_g2_rho0.7_r009,p10_g2_rho0.7_r010,p10_g2_rho0.7_r011,p10_g2_rho0.7_r012,p10_g2_rho0.7_r013,p10_g2_rho0.7_r014,p10_g2_rho0.7_r015,p10_g2_rho0.7_r016,p10_g2_rho0.7_r017,p10_g2_rho0.7_r018,p10_g2_rho0.7_r019"
across_budget,0.7,direct_stagewise,conditional_kl,20,0.28803238454573893,0.2854344580640191,-0.002597926481719792,-0.006479495617954718,0.0012836426545151337,5,14,1,2.2687155883486242e-05,9.486001333773228e-06,14,"p10_g2_rho0.7_r000,p10_g2_rho0.7_r001,p10_g2_rho0.7_r002,p10_g2_rho0.7_r003,p10_g2_rho0.7_r004,p10_g2_rho0.7_r005,p10_g2_rho0.7_r006,p10_g2_rho0.7_r007,p10_g2_rho0.7_r008,p10_g2_rho0.7_r009,p10_g2_rho0.7_r010,p10_g2_rho0.7_r011,p10_g2_rho0.7_r012,p10_g2_rho0.7_r013,p10_g2_rho0.7_r014,p10_g2_rho0.7_r015,p10_g2_rho0.7_r016,p10_g2_rho0.7_r017,p10_g2_rho0.7_r018,p10_g2_rho0.7_r019"
across_budget,0.7,direct_stagewise,prediction_mse,20,0.08472629974588321,0.08483217481699486,0.00010587507111164528,-0.00032287110771081994,0.0005346212499341105,3,14,3,,,,"p10_g2_rho0.7_r000,p10_g2_rho0.7_r001,p10_g2_rho0.7_r002,p10_g2_rho0.7_r003,p10_g2_rho0.7_r004,p10_g2_rho0.7_r005,p10_g2_rho0.7_r006,p10_g2_rho0.7_r007,p10_g2_rho0.7_r008,p10_g2_rho0.7_r009,p10_g2_rho0.7_r010,p10_g2_rho0.7_r011,p10_g2_rho0.7_r012,p10_g2_rho0.7_r013,p10_g2_rho0.7_r014,p10_g2_rho0.7_r015,p10_g2_rho0.7_r016,p10_g2_rho0.7_r017,p10_g2_rho0.7_r018,p10_g2_rho0.7_r019"
change_in_contrast,0.7,augmented_joint,posterior_kl,20,-0.5929620417878377,-0.6842130129782051,-0.09125097119036747,-0.1867204949645473,0.004218552583812346,12,0,8,0.00022140631805672405,5.747672820244911e-05,0,"p10_g2_rho0.7_r000,p10_g2_rho0.7_r001,p10_g2_rho0.7_r002,p10_g2_rho0.7_r003,p10_g2_rho0.7_r004,p10_g2_rho0.7_r005,p10_g2_rho0.7_r006,p10_g2_rho0.7_r007,p10_g2_rho0.7_r008,p10_g2_rho0.7_r009,p10_g2_rho0.7_r010,p10_g2_rho0.7_r011,p10_g2_rho0.7_r012,p10_g2_rho0.7_r013,p10_g2_rho0.7_r014,p10_g2_rho0.7_r015,p10_g2_rho0.7_r016,p10_g2_rho0.7_r017,p10_g2_rho0.7_r018,p10_g2_rho0.7_r019"
change_in_contrast,0.7,augmented_joint,group_union_tv,20,-0.029234592191201142,-0.30189723567068427,-0.2726626434794831,-0.30072780157291623,-0.24459748538604997,20,0,0,,,,"p10_g2_rho0.7_r000,p10_g2_rho0.7_r001,p10_g2_rho0.7_r002,p10_g2_rho0.7_r003,p10_g2_rho0.7_r004,p10_g2_rho0.7_r005,p10_g2_rho0.7_r006,p10_g2_rho0.7_r007,p10_g2_rho0.7_r008,p10_g2_rho0.7_r009,p10_g2_rho0.7_r010,p10_g2_rho0.7_r011,p10_g2_rho0.7_r012,p10_g2_rho0.7_r013,p10_g2_rho0.7_r014,p10_g2_rho0.7_r015,p10_g2_rho0.7_r016,p10_g2_rho0.7_r017,p10_g2_rho0.7_r018,p10_g2_rho0.7_r019"
change_in_contrast,0.7,augmented_joint,pip_mae,20,-0.007131199998757429,-0.04812062504691041,-0.040989425048152985,-0.0460271690708353,-0.035951681025470666,20,0,0,,,,"p10_g2_rho0.7_r000,p10_g2_rho0.7_r001,p10_g2_rho0.7_r002,p10_g2_rho0.7_r003,p10_g2_rho0.7_r004,p10_g2_rho0.7_r005,p10_g2_rho0.7_r006,p10_g2_rho0.7_r007,p10_g2_rho0.7_r008,p10_g2_rho0.7_r009,p10_g2_rho0.7_r010,p10_g2_rho0.7_r011,p10_g2_rho0.7_r012,p10_g2_rho0.7_r013,p10_g2_rho0.7_r014,p10_g2_rho0.7_r015,p10_g2_rho0.7_r016,p10_g2_rho0.7_r017,p10_g2_rho0.7_r018,p10_g2_rho0.7_r019"
change_in_contrast,0.7,augmented_joint,group_pip_mae,20,-0.0050782294279024445,-0.06596598790408449,-0.06088775847618204,-0.06756991389495927,-0.05420560305740481,20,0,0,,,,"p10_g2_rho0.7_r000,p10_g2_rho0.7_r001,p10_g2_rho0.7_r002,p10_g2_rho0.7_r003,p10_g2_rho0.7_r004,p10_g2_rho0.7_r005,p10_g2_rho0.7_r006,p10_g2_rho0.7_r007,p10_g2_rho0.7_r008,p10_g2_rho0.7_r009,p10_g2_rho0.7_r010,p10_g2_rho0.7_r011,p10_g2_rho0.7_r012,p10_g2_rho0.7_r013,p10_g2_rho0.7_r014,p10_g2_rho0.7_r015,p10_g2_rho0.7_r016,p10_g2_rho0.7_r017,p10_g2_rho0.7_r018,p10_g2_rho0.7_r019"
change_in_contrast,0.7,augmented_joint,posterior_mean_error,20,0.0016766729226363603,-0.01925097424761261,-0.020927647170248975,-0.030413639119146713,-0.011441655221351238,19,0,1,,,,"p10_g2_rho0.7_r000,p10_g2_rho0.7_r001,p10_g2_rho0.7_r002,p10_g2_rho0.7_r003,p10_g2_rho0.7_r004,p10_g2_rho0.7_r005,p10_g2_rho0.7_r006,p10_g2_rho0.7_r007,p10_g2_rho0.7_r008,p10_g2_rho0.7_r009,p10_g2_rho0.7_r010,p10_g2_rho0.7_r011,p10_g2_rho0.7_r012,p10_g2_rho0.7_r013,p10_g2_rho0.7_r014,p10_g2_rho0.7_r015,p10_g2_rho0.7_r016,p10_g2_rho0.7_r017,p10_g2_rho0.7_r018,p10_g2_rho0.7_r019"
change_in_contrast,0.7,augmented_joint,covariance_error,20,-0.0037881460777083502,-0.012208059610425596,-0.008419913532717248,-0.013793278726919357,-0.0030465483385151383,18,0,2,,,,"p10_g2_rho0.7_r000,p10_g2_rho0.7_r001,p10_g2_rho0.7_r002,p10_g2_rho0.7_r003,p10_g2_rho0.7_r004,p10_g2_rho0.7_r005,p10_g2_rho0.7_r006,p10_g2_rho0.7_r007,p10_g2_rho0.7_r008,p10_g2_rho0.7_r009,p10_g2_rho0.7_r010,p10_g2_rho0.7_r011,p10_g2_rho0.7_r012,p10_g2_rho0.7_r013,p10_g2_rho0.7_r014,p10_g2_rho0.7_r015,p10_g2_rho0.7_r016,p10_g2_rho0.7_r017,p10_g2_rho0.7_r018,p10_g2_rho0.7_r019"
change_in_contrast,0.7,augmented_joint,full_support_kl,20,-0.04922844288456542,-0.5656199941849293,-0.5163915513003638,-0.5703587547426168,-0.462424347858111,20,0,0,,,,"p10_g2_rho0.7_r000,p10_g2_rho0.7_r001,p10_g2_rho0.7_r002,p10_g2_rho0.7_r003,p10_g2_rho0.7_r004,p10_g2_rho0.7_r005,p10_g2_rho0.7_r006,p10_g2_rho0.7_r007,p10_g2_rho0.7_r008,p10_g2_rho0.7_r009,p10_g2_rho0.7_r010,p10_g2_rho0.7_r011,p10_g2_rho0.7_r012,p10_g2_rho0.7_r013,p10_g2_rho0.7_r014,p10_g2_rho0.7_r015,p10_g2_rho0.7_r016,p10_g2_rho0.7_r017,p10_g2_rho0.7_r018,p10_g2_rho0.7_r019"
change_in_contrast,0.7,augmented_joint,full_support_tv,20,-0.04452116389953654,-0.340913787086248,-0.29639262318671145,-0.32869355893900665,-0.26409168743441624,20,0,0,,,,"p10_g2_rho0.7_r000,p10_g2_rho0.7_r001,p10_g2_rho0.7_r002,p10_g2_rho0.7_r003,p10_g2_rho0.7_r004,p10_g2_rho0.7_r005,p10_g2_rho0.7_r006,p10_g2_rho0.7_r007,p10_g2_rho0.7_r008,p10_g2_rho0.7_r009,p10_g2_rho0.7_r010,p10_g2_rho0.7_r011,p10_g2_rho0.7_r012,p10_g2_rho0.7_r013,p10_g2_rho0.7_r014,p10_g2_rho0.7_r015,p10_g2_rho0.7_r016,p10_g2_rho0.7_r017,p10_g2_rho0.7_r018,p10_g2_rho0.7_r019"
change_in_contrast,0.7,augmented_joint,conditional_kl,20,-0.5437335989032723,-0.11859301879327591,0.42514058010999645,0.3339625025829629,0.51631865763703,1,0,19,0.00022140631805672405,5.747672820244911e-05,0,"p10_g2_rho0.7_r000,p10_g2_rho0.7_r001,p10_g2_rho0.7_r002,p10_g2_rho0.7_r003,p10_g2_rho0.7_r004,p10_g2_rho0.7_r005,p10_g2_rho0.7_r006,p10_g2_rho0.7_r007,p10_g2_rho0.7_r008,p10_g2_rho0.7_r009,p10_g2_rho0.7_r010,p10_g2_rho0.7_r011,p10_g2_rho0.7_r012,p10_g2_rho0.7_r013,p10_g2_rho0.7_r014,p10_g2_rho0.7_r015,p10_g2_rho0.7_r016,p10_g2_rho0.7_r017,p10_g2_rho0.7_r018,p10_g2_rho0.7_r019"
change_in_contrast,0.7,augmented_joint,prediction_mse,20,-0.0057218304374876535,-0.004442105847716017,0.0012797245897716368,-0.0012882193864236996,0.003847668565966973,7,0,13,,,,"p10_g2_rho0.7_r000,p10_g2_rho0.7_r001,p10_g2_rho0.7_r002,p10_g2_rho0.7_r003,p10_g2_rho0.7_r004,p10_g2_rho0.7_r005,p10_g2_rho0.7_r006,p10_g2_rho0.7_r007,p10_g2_rho0.7_r008,p10_g2_rho0.7_r009,p10_g2_rho0.7_r010,p10_g2_rho0.7_r011,p10_g2_rho0.7_r012,p10_g2_rho0.7_r013,p10_g2_rho0.7_r014,p10_g2_rho0.7_r015,p10_g2_rho0.7_r016,p10_g2_rho0.7_r017,p10_g2_rho0.7_r018,p10_g2_rho0.7_r019"
change_in_contrast,0.7,direct_frozen,posterior_kl,20,-0.04407168270304993,-0.06332188077340169,-0.019250198070351755,-0.02942605668051511,-0.0090743394601884,13,6,1,9.716730072940766e-05,3.0848448583110104e-05,7,"p10_g2_rho0.7_r000,p10_g2_rho0.7_r001,p10_g2_rho0.7_r002,p10_g2_rho0.7_r003,p10_g2_rho0.7_r004,p10_g2_rho0.7_r005,p10_g2_rho0.7_r006,p10_g2_rho0.7_r007,p10_g2_rho0.7_r008,p10_g2_rho0.7_r009,p10_g2_rho0.7_r010,p10_g2_rho0.7_r011,p10_g2_rho0.7_r012,p10_g2_rho0.7_r013,p10_g2_rho0.7_r014,p10_g2_rho0.7_r015,p10_g2_rho0.7_r016,p10_g2_rho0.7_r017,p10_g2_rho0.7_r018,p10_g2_rho0.7_r019"
change_in_contrast,0.7,direct_frozen,group_union_tv,20,-0.01779484639531362,-0.022101340493202677,-0.004306494097889054,-0.009710373452508594,0.001097385256730486,12,6,2,,,,"p10_g2_rho0.7_r000,p10_g2_rho0.7_r001,p10_g2_rho0.7_r002,p10_g2_rho0.7_r003,p10_g2_rho0.7_r004,p10_g2_rho0.7_r005,p10_g2_rho0.7_r006,p10_g2_rho0.7_r007,p10_g2_rho0.7_r008,p10_g2_rho0.7_r009,p10_g2_rho0.7_r010,p10_g2_rho0.7_r011,p10_g2_rho0.7_r012,p10_g2_rho0.7_r013,p10_g2_rho0.7_r014,p10_g2_rho0.7_r015,p10_g2_rho0.7_r016,p10_g2_rho0.7_r017,p10_g2_rho0.7_r018,p10_g2_rho0.7_r019"
change_in_contrast,0.7,direct_frozen,pip_mae,20,-0.003462851791622365,-0.004611337957891853,-0.001148486166269488,-0.002087110509178967,-0.00020986182336000885,11,6,3,,,,"p10_g2_rho0.7_r000,p10_g2_rho0.7_r001,p10_g2_rho0.7_r002,p10_g2_rho0.7_r003,p10_g2_rho0.7_r004,p10_g2_rho0.7_r005,p10_g2_rho0.7_r006,p10_g2_rho0.7_r007,p10_g2_rho0.7_r008,p10_g2_rho0.7_r009,p10_g2_rho0.7_r010,p10_g2_rho0.7_r011,p10_g2_rho0.7_r012,p10_g2_rho0.7_r013,p10_g2_rho0.7_r014,p10_g2_rho0.7_r015,p10_g2_rho0.7_r016,p10_g2_rho0.7_r017,p10_g2_rho0.7_r018,p10_g2_rho0.7_r019"
change_in_contrast,0.7,direct_frozen,group_pip_mae,20,-0.005828149406185972,-0.007032701590525975,-0.0012045521843400036,-0.0027458997541749165,0.0003367953854949096,10,6,4,,,,"p10_g2_rho0.7_r000,p10_g2_rho0.7_r001,p10_g2_rho0.7_r002,p10_g2_rho0.7_r003,p10_g2_rho0.7_r004,p10_g2_rho0.7_r005,p10_g2_rho0.7_r006,p10_g2_rho0.7_r007,p10_g2_rho0.7_r008,p10_g2_rho0.7_r009,p10_g2_rho0.7_r010,p10_g2_rho0.7_r011,p10_g2_rho0.7_r012,p10_g2_rho0.7_r013,p10_g2_rho0.7_r014,p10_g2_rho0.7_r015,p10_g2_rho0.7_r016,p10_g2_rho0.7_r017,p10_g2_rho0.7_r018,p10_g2_rho0.7_r019"
change_in_contrast,0.7,direct_frozen,posterior_mean_error,20,-0.007258235034627833,-0.008537972646435741,-0.0012797376118079092,-0.004187853319137227,0.0016283780955214085,11,6,3,,,,"p10_g2_rho0.7_r000,p10_g2_rho0.7_r001,p10_g2_rho0.7_r002,p10_g2_rho0.7_r003,p10_g2_rho0.7_r004,p10_g2_rho0.7_r005,p10_g2_rho0.7_r006,p10_g2_rho0.7_r007,p10_g2_rho0.7_r008,p10_g2_rho0.7_r009,p10_g2_rho0.7_r010,p10_g2_rho0.7_r011,p10_g2_rho0.7_r012,p10_g2_rho0.7_r013,p10_g2_rho0.7_r014,p10_g2_rho0.7_r015,p10_g2_rho0.7_r016,p10_g2_rho0.7_r017,p10_g2_rho0.7_r018,p10_g2_rho0.7_r019"
change_in_contrast,0.7,direct_frozen,covariance_error,20,-0.0023022255939030545,-0.0027562653554658576,-0.00045403976156280283,-0.0013356505348355151,0.00042757101170990953,10,6,4,,,,"p10_g2_rho0.7_r000,p10_g2_rho0.7_r001,p10_g2_rho0.7_r002,p10_g2_rho0.7_r003,p10_g2_rho0.7_r004,p10_g2_rho0.7_r005,p10_g2_rho0.7_r006,p10_g2_rho0.7_r007,p10_g2_rho0.7_r008,p10_g2_rho0.7_r009,p10_g2_rho0.7_r010,p10_g2_rho0.7_r011,p10_g2_rho0.7_r012,p10_g2_rho0.7_r013,p10_g2_rho0.7_r014,p10_g2_rho0.7_r015,p10_g2_rho0.7_r016,p10_g2_rho0.7_r017,p10_g2_rho0.7_r018,p10_g2_rho0.7_r019"
change_in_contrast,0.7,direct_frozen,full_support_kl,20,-0.012497189946216507,-0.017085429958296604,-0.004588240012080094,-0.008256405366421728,-0.0009200746577384604,11,6,3,,,,"p10_g2_rho0.7_r000,p10_g2_rho0.7_r001,p10_g2_rho0.7_r002,p10_g2_rho0.7_r003,p10_g2_rho0.7_r004,p10_g2_rho0.7_r005,p10_g2_rho0.7_r006,p10_g2_rho0.7_r007,p10_g2_rho0.7_r008,p10_g2_rho0.7_r009,p10_g2_rho0.7_r010,p10_g2_rho0.7_r011,p10_g2_rho0.7_r012,p10_g2_rho0.7_r013,p10_g2_rho0.7_r014,p10_g2_rho0.7_r015,p10_g2_rho0.7_r016,p10_g2_rho0.7_r017,p10_g2_rho0.7_r018,p10_g2_rho0.7_r019"
change_in_contrast,0.7,direct_frozen,full_support_tv,20,-0.017529794401236896,-0.023114036873739176,-0.005584242472502283,-0.01133557549625808,0.000167090551253515,12,6,2,,,,"p10_g2_rho0.7_r000,p10_g2_rho0.7_r001,p10_g2_rho0.7_r002,p10_g2_rho0.7_r003,p10_g2_rho0.7_r004,p10_g2_rho0.7_r005,p10_g2_rho0.7_r006,p10_g2_rho0.7_r007,p10_g2_rho0.7_r008,p10_g2_rho0.7_r009,p10_g2_rho0.7_r010,p10_g2_rho0.7_r011,p10_g2_rho0.7_r012,p10_g2_rho0.7_r013,p10_g2_rho0.7_r014,p10_g2_rho0.7_r015,p10_g2_rho0.7_r016,p10_g2_rho0.7_r017,p10_g2_rho0.7_r018,p10_g2_rho0.7_r019"
change_in_contrast,0.7,direct_frozen,conditional_kl,20,-0.03157449275683342,-0.04623645081510508,-0.014661958058271658,-0.02220229701165751,-0.007121619104885806,14,6,0,9.716730072940766e-05,3.0848448583110104e-05,6,"p10_g2_rho0.7_r000,p10_g2_rho0.7_r001,p10_g2_rho0.7_r002,p10_g2_rho0.7_r003,p10_g2_rho0.7_r004,p10_g2_rho0.7_r005,p10_g2_rho0.7_r006,p10_g2_rho0.7_r007,p10_g2_rho0.7_r008,p10_g2_rho0.7_r009,p10_g2_rho0.7_r010,p10_g2_rho0.7_r011,p10_g2_rho0.7_r012,p10_g2_rho0.7_r013,p10_g2_rho0.7_r014,p10_g2_rho0.7_r015,p10_g2_rho0.7_r016,p10_g2_rho0.7_r017,p10_g2_rho0.7_r018,p10_g2_rho0.7_r019"
change_in_contrast,0.7,direct_frozen,prediction_mse,20,0.00037610263890264673,0.0006399624530519461,0.0002638598141492993,-0.00025474142017209287,0.0007824610484706916,5,6,9,,,,"p10_g2_rho0.7_r000,p10_g2_rho0.7_r001,p10_g2_rho0.7_r002,p10_g2_rho0.7_r003,p10_g2_rho0.7_r004,p10_g2_rho0.7_r005,p10_g2_rho0.7_r006,p10_g2_rho0.7_r007,p10_g2_rho0.7_r008,p10_g2_rho0.7_r009,p10_g2_rho0.7_r010,p10_g2_rho0.7_r011,p10_g2_rho0.7_r012,p10_g2_rho0.7_r013,p10_g2_rho0.7_r014,p10_g2_rho0.7_r015,p10_g2_rho0.7_r016,p10_g2_rho0.7_r017,p10_g2_rho0.7_r018,p10_g2_rho0.7_r019"
change_in_contrast,0.7,direct_stagewise,posterior_kl,20,-0.047596879257471955,-0.06753219716561806,-0.01993531790814611,-0.02938961976632412,-0.0104810160499681,14,6,0,0.00010886457333831815,3.42709699158511e-05,6,"p10_g2_rho0.7_r000,p10_g2_rho0.7_r001,p10_g2_rho0.7_r002,p10_g2_rho0.7_r003,p10_g2_rho0.7_r004,p10_g2_rho0.7_r005,p10_g2_rho0.7_r006,p10_g2_rho0.7_r007,p10_g2_rho0.7_r008,p10_g2_rho0.7_r009,p10_g2_rho0.7_r010,p10_g2_rho0.7_r011,p10_g2_rho0.7_r012,p10_g2_rho0.7_r013,p10_g2_rho0.7_r014,p10_g2_rho0.7_r015,p10_g2_rho0.7_r016,p10_g2_rho0.7_r017,p10_g2_rho0.7_r018,p10_g2_rho0.7_r019"
change_in_contrast,0.7,direct_stagewise,group_union_tv,20,-0.017023855648171392,-0.022025603526857854,-0.00500174787868646,-0.009974094554405906,-2.9401202967013935e-05,12,6,2,,,,"p10_g2_rho0.7_r000,p10_g2_rho0.7_r001,p10_g2_rho0.7_r002,p10_g2_rho0.7_r003,p10_g2_rho0.7_r004,p10_g2_rho0.7_r005,p10_g2_rho0.7_r006,p10_g2_rho0.7_r007,p10_g2_rho0.7_r008,p10_g2_rho0.7_r009,p10_g2_rho0.7_r010,p10_g2_rho0.7_r011,p10_g2_rho0.7_r012,p10_g2_rho0.7_r013,p10_g2_rho0.7_r014,p10_g2_rho0.7_r015,p10_g2_rho0.7_r016,p10_g2_rho0.7_r017,p10_g2_rho0.7_r018,p10_g2_rho0.7_r019"
change_in_contrast,0.7,direct_stagewise,pip_mae,20,-0.003307178263537687,-0.004655790968808892,-0.0013486127052712057,-0.0020081768241306318,-0.0006890485864117795,12,6,2,,,,"p10_g2_rho0.7_r000,p10_g2_rho0.7_r001,p10_g2_rho0.7_r002,p10_g2_rho0.7_r003,p10_g2_rho0.7_r004,p10_g2_rho0.7_r005,p10_g2_rho0.7_r006,p10_g2_rho0.7_r007,p10_g2_rho0.7_r008,p10_g2_rho0.7_r009,p10_g2_rho0.7_r010,p10_g2_rho0.7_r011,p10_g2_rho0.7_r012,p10_g2_rho0.7_r013,p10_g2_rho0.7_r014,p10_g2_rho0.7_r015,p10_g2_rho0.7_r016,p10_g2_rho0.7_r017,p10_g2_rho0.7_r018,p10_g2_rho0.7_r019"
change_in_contrast,0.7,direct_stagewise,group_pip_mae,20,-0.00564460088247952,-0.007176939663597073,-0.001532338781117554,-0.0027186695510545713,-0.0003460080111805366,12,6,2,,,,"p10_g2_rho0.7_r000,p10_g2_rho0.7_r001,p10_g2_rho0.7_r002,p10_g2_rho0.7_r003,p10_g2_rho0.7_r004,p10_g2_rho0.7_r005,p10_g2_rho0.7_r006,p10_g2_rho0.7_r007,p10_g2_rho0.7_r008,p10_g2_rho0.7_r009,p10_g2_rho0.7_r010,p10_g2_rho0.7_r011,p10_g2_rho0.7_r012,p10_g2_rho0.7_r013,p10_g2_rho0.7_r014,p10_g2_rho0.7_r015,p10_g2_rho0.7_r016,p10_g2_rho0.7_r017,p10_g2_rho0.7_r018,p10_g2_rho0.7_r019"
change_in_contrast,0.7,direct_stagewise,posterior_mean_error,20,-0.00784571668806814,-0.00911251919193895,-0.0012668025038708093,-0.004328615290422375,0.0017950102826807565,9,6,5,,,,"p10_g2_rho0.7_r000,p10_g2_rho0.7_r001,p10_g2_rho0.7_r002,p10_g2_rho0.7_r003,p10_g2_rho0.7_r004,p10_g2_rho0.7_r005,p10_g2_rho0.7_r006,p10_g2_rho0.7_r007,p10_g2_rho0.7_r008,p10_g2_rho0.7_r009,p10_g2_rho0.7_r010,p10_g2_rho0.7_r011,p10_g2_rho0.7_r012,p10_g2_rho0.7_r013,p10_g2_rho0.7_r014,p10_g2_rho0.7_r015,p10_g2_rho0.7_r016,p10_g2_rho0.7_r017,p10_g2_rho0.7_r018,p10_g2_rho0.7_r019"
change_in_contrast,0.7,direct_stagewise,covariance_error,20,-0.002650283275312376,-0.0031897555074879734,-0.0005394722321755975,-0.0012702085546765066,0.0001912640903253117,9,6,5,,,,"p10_g2_rho0.7_r000,p10_g2_rho0.7_r001,p10_g2_rho0.7_r002,p10_g2_rho0.7_r003,p10_g2_rho0.7_r004,p10_g2_rho0.7_r005,p10_g2_rho0.7_r006,p10_g2_rho0.7_r007,p10_g2_rho0.7_r008,p10_g2_rho0.7_r009,p10_g2_rho0.7_r010,p10_g2_rho0.7_r011,p10_g2_rho0.7_r012,p10_g2_rho0.7_r013,p10_g2_rho0.7_r014,p10_g2_rho0.7_r015,p10_g2_rho0.7_r016,p10_g2_rho0.7_r017,p10_g2_rho0.7_r018,p10_g2_rho0.7_r019"
change_in_contrast,0.7,direct_stagewise,full_support_kl,20,-0.013129148872778645,-0.01816378282622779,-0.005034633953449148,-0.008189785226960929,-0.0018794826799373669,12,6,2,,,,"p10_g2_rho0.7_r000,p10_g2_rho0.7_r001,p10_g2_rho0.7_r002,p10_g2_rho0.7_r003,p10_g2_rho0.7_r004,p10_g2_rho0.7_r005,p10_g2_rho0.7_r006,p10_g2_rho0.7_r007,p10_g2_rho0.7_r008,p10_g2_rho0.7_r009,p10_g2_rho0.7_r010,p10_g2_rho0.7_r011,p10_g2_rho0.7_r012,p10_g2_rho0.7_r013,p10_g2_rho0.7_r014,p10_g2_rho0.7_r015,p10_g2_rho0.7_r016,p10_g2_rho0.7_r017,p10_g2_rho0.7_r018,p10_g2_rho0.7_r019"
change_in_contrast,0.7,direct_stagewise,full_support_tv,20,-0.01699022452470568,-0.02338787688257468,-0.006397652357869002,-0.011187295509211432,-0.0016080092065265724,13,6,1,,,,"p10_g2_rho0.7_r000,p10_g2_rho0.7_r001,p10_g2_rho0.7_r002,p10_g2_rho0.7_r003,p10_g2_rho0.7_r004,p10_g2_rho0.7_r005,p10_g2_rho0.7_r006,p10_g2_rho0.7_r007,p10_g2_rho0.7_r008,p10_g2_rho0.7_r009,p10_g2_rho0.7_r010,p10_g2_rho0.7_r011,p10_g2_rho0.7_r012,p10_g2_rho0.7_r013,p10_g2_rho0.7_r014,p10_g2_rho0.7_r015,p10_g2_rho0.7_r016,p10_g2_rho0.7_r017,p10_g2_rho0.7_r018,p10_g2_rho0.7_r019"
change_in_contrast,0.7,direct_stagewise,conditional_kl,20,-0.03446773038469332,-0.04936841433939028,-0.014900683954696963,-0.022275857937727524,-0.007525509971666403,14,6,0,0.00010886457333831815,3.42709699158511e-05,6,"p10_g2_rho0.7_r000,p10_g2_rho0.7_r001,p10_g2_rho0.7_r002,p10_g2_rho0.7_r003,p10_g2_rho0.7_r004,p10_g2_rho0.7_r005,p10_g2_rho0.7_r006,p10_g2_rho0.7_r007,p10_g2_rho0.7_r008,p10_g2_rho0.7_r009,p10_g2_rho0.7_r010,p10_g2_rho0.7_r011,p10_g2_rho0.7_r012,p10_g2_rho0.7_r013,p10_g2_rho0.7_r014,p10_g2_rho0.7_r015,p10_g2_rho0.7_r016,p10_g2_rho0.7_r017,p10_g2_rho0.7_r018,p10_g2_rho0.7_r019"
change_in_contrast,0.7,direct_stagewise,prediction_mse,20,0.0003355224693102275,0.0006050704676972301,0.0002695479983870026,-0.00039230325996794993,0.0009313992567419551,7,6,7,,,,"p10_g2_rho0.7_r000,p10_g2_rho0.7_r001,p10_g2_rho0.7_r002,p10_g2_rho0.7_r003,p10_g2_rho0.7_r004,p10_g2_rho0.7_r005,p10_g2_rho0.7_r006,p10_g2_rho0.7_r007,p10_g2_rho0.7_r008,p10_g2_rho0.7_r009,p10_g2_rho0.7_r010,p10_g2_rho0.7_r011,p10_g2_rho0.7_r012,p10_g2_rho0.7_r013,p10_g2_rho0.7_r014,p10_g2_rho0.7_r015,p10_g2_rho0.7_r016,p10_g2_rho0.7_r017,p10_g2_rho0.7_r018,p10_g2_rho0.7_r019"
across_budget,0.9,direct_joint,posterior_kl,20,0.753964129687156,0.7092432303949605,-0.04472089929219543,-0.06654573738265374,-0.022896061201737122,17,3,0,7.622992642281734e-05,2.147143912281231e-05,3,"p10_g2_rho0.9_r000,p10_g2_rho0.9_r001,p10_g2_rho0.9_r002,p10_g2_rho0.9_r003,p10_g2_rho0.9_r004,p10_g2_rho0.9_r005,p10_g2_rho0.9_r006,p10_g2_rho0.9_r007,p10_g2_rho0.9_r008,p10_g2_rho0.9_r009,p10_g2_rho0.9_r010,p10_g2_rho0.9_r011,p10_g2_rho0.9_r012,p10_g2_rho0.9_r013,p10_g2_rho0.9_r014,p10_g2_rho0.9_r015,p10_g2_rho0.9_r016,p10_g2_rho0.9_r017,p10_g2_rho0.9_r018,p10_g2_rho0.9_r019"
across_budget,0.9,direct_joint,group_union_tv,20,0.30873527686361946,0.2972582399482022,-0.011477036915417209,-0.020003682687134056,-0.0029503911437003608,13,3,4,,,,"p10_g2_rho0.9_r000,p10_g2_rho0.9_r001,p10_g2_rho0.9_r002,p10_g2_rho0.9_r003,p10_g2_rho0.9_r004,p10_g2_rho0.9_r005,p10_g2_rho0.9_r006,p10_g2_rho0.9_r007,p10_g2_rho0.9_r008,p10_g2_rho0.9_r009,p10_g2_rho0.9_r010,p10_g2_rho0.9_r011,p10_g2_rho0.9_r012,p10_g2_rho0.9_r013,p10_g2_rho0.9_r014,p10_g2_rho0.9_r015,p10_g2_rho0.9_r016,p10_g2_rho0.9_r017,p10_g2_rho0.9_r018,p10_g2_rho0.9_r019"
across_budget,0.9,direct_joint,pip_mae,20,0.06591006121732568,0.06357820264202281,-0.0023318585753028783,-0.0036972764645353236,-0.0009664406860704332,14,3,3,,,,"p10_g2_rho0.9_r000,p10_g2_rho0.9_r001,p10_g2_rho0.9_r002,p10_g2_rho0.9_r003,p10_g2_rho0.9_r004,p10_g2_rho0.9_r005,p10_g2_rho0.9_r006,p10_g2_rho0.9_r007,p10_g2_rho0.9_r008,p10_g2_rho0.9_r009,p10_g2_rho0.9_r010,p10_g2_rho0.9_r011,p10_g2_rho0.9_r012,p10_g2_rho0.9_r013,p10_g2_rho0.9_r014,p10_g2_rho0.9_r015,p10_g2_rho0.9_r016,p10_g2_rho0.9_r017,p10_g2_rho0.9_r018,p10_g2_rho0.9_r019"
across_budget,0.9,direct_joint,group_pip_mae,20,0.10757340642445623,0.10412819401167188,-0.003445212412784342,-0.005471008737517907,-0.001419416088050777,13,3,4,,,,"p10_g2_rho0.9_r000,p10_g2_rho0.9_r001,p10_g2_rho0.9_r002,p10_g2_rho0.9_r003,p10_g2_rho0.9_r004,p10_g2_rho0.9_r005,p10_g2_rho0.9_r006,p10_g2_rho0.9_r007,p10_g2_rho0.9_r008,p10_g2_rho0.9_r009,p10_g2_rho0.9_r010,p10_g2_rho0.9_r011,p10_g2_rho0.9_r012,p10_g2_rho0.9_r013,p10_g2_rho0.9_r014,p10_g2_rho0.9_r015,p10_g2_rho0.9_r016,p10_g2_rho0.9_r017,p10_g2_rho0.9_r018,p10_g2_rho0.9_r019"
across_budget,0.9,direct_joint,posterior_mean_error,20,0.14525058292664533,0.1385171359917948,-0.006733446934850571,-0.011388744715744805,-0.002078149153956337,14,3,3,,,,"p10_g2_rho0.9_r000,p10_g2_rho0.9_r001,p10_g2_rho0.9_r002,p10_g2_rho0.9_r003,p10_g2_rho0.9_r004,p10_g2_rho0.9_r005,p10_g2_rho0.9_r006,p10_g2_rho0.9_r007,p10_g2_rho0.9_r008,p10_g2_rho0.9_r009,p10_g2_rho0.9_r010,p10_g2_rho0.9_r011,p10_g2_rho0.9_r012,p10_g2_rho0.9_r013,p10_g2_rho0.9_r014,p10_g2_rho0.9_r015,p10_g2_rho0.9_r016,p10_g2_rho0.9_r017,p10_g2_rho0.9_r018,p10_g2_rho0.9_r019"
across_budget,0.9,direct_joint,covariance_error,20,0.10903698789073146,0.10542606925307556,-0.0036109186376559062,-0.006615010741413853,-0.0006068265338979597,14,3,3,,,,"p10_g2_rho0.9_r000,p10_g2_rho0.9_r001,p10_g2_rho0.9_r002,p10_g2_rho0.9_r003,p10_g2_rho0.9_r004,p10_g2_rho0.9_r005,p10_g2_rho0.9_r006,p10_g2_rho0.9_r007,p10_g2_rho0.9_r008,p10_g2_rho0.9_r009,p10_g2_rho0.9_r010,p10_g2_rho0.9_r011,p10_g2_rho0.9_r012,p10_g2_rho0.9_r013,p10_g2_rho0.9_r014,p10_g2_rho0.9_r015,p10_g2_rho0.9_r016,p10_g2_rho0.9_r017,p10_g2_rho0.9_r018,p10_g2_rho0.9_r019"
across_budget,0.9,direct_joint,full_support_kl,20,0.3144173837905367,0.29341755318161644,-0.020999830608920234,-0.03531871960519568,-0.0066809416126447935,17,3,0,,,,"p10_g2_rho0.9_r000,p10_g2_rho0.9_r001,p10_g2_rho0.9_r002,p10_g2_rho0.9_r003,p10_g2_rho0.9_r004,p10_g2_rho0.9_r005,p10_g2_rho0.9_r006,p10_g2_rho0.9_r007,p10_g2_rho0.9_r008,p10_g2_rho0.9_r009,p10_g2_rho0.9_r010,p10_g2_rho0.9_r011,p10_g2_rho0.9_r012,p10_g2_rho0.9_r013,p10_g2_rho0.9_r014,p10_g2_rho0.9_r015,p10_g2_rho0.9_r016,p10_g2_rho0.9_r017,p10_g2_rho0.9_r018,p10_g2_rho0.9_r019"
across_budget,0.9,direct_joint,full_support_tv,20,0.3113211762182696,0.29953790106446987,-0.011783275153799667,-0.020326590585726192,-0.0032399597218731417,14,3,3,,,,"p10_g2_rho0.9_r000,p10_g2_rho0.9_r001,p10_g2_rho0.9_r002,p10_g2_rho0.9_r003,p10_g2_rho0.9_r004,p10_g2_rho0.9_r005,p10_g2_rho0.9_r006,p10_g2_rho0.9_r007,p10_g2_rho0.9_r008,p10_g2_rho0.9_r009,p10_g2_rho0.9_r010,p10_g2_rho0.9_r011,p10_g2_rho0.9_r012,p10_g2_rho0.9_r013,p10_g2_rho0.9_r014,p10_g2_rho0.9_r015,p10_g2_rho0.9_r016,p10_g2_rho0.9_r017,p10_g2_rho0.9_r018,p10_g2_rho0.9_r019"
across_budget,0.9,direct_joint,conditional_kl,20,0.4395467458966193,0.4158256772133441,-0.023721068683275198,-0.03491955510921516,-0.012522582257335236,16,3,1,7.622992642281734e-05,2.147143912281231e-05,3,"p10_g2_rho0.9_r000,p10_g2_rho0.9_r001,p10_g2_rho0.9_r002,p10_g2_rho0.9_r003,p10_g2_rho0.9_r004,p10_g2_rho0.9_r005,p10_g2_rho0.9_r006,p10_g2_rho0.9_r007,p10_g2_rho0.9_r008,p10_g2_rho0.9_r009,p10_g2_rho0.9_r010,p10_g2_rho0.9_r011,p10_g2_rho0.9_r012,p10_g2_rho0.9_r013,p10_g2_rho0.9_r014,p10_g2_rho0.9_r015,p10_g2_rho0.9_r016,p10_g2_rho0.9_r017,p10_g2_rho0.9_r018,p10_g2_rho0.9_r019"
across_budget,0.9,direct_joint,prediction_mse,20,0.10463582167421541,0.10434846724845485,-0.0002873544257605668,-0.0013368195526247519,0.0007621107011036182,12,3,5,,,,"p10_g2_rho0.9_r000,p10_g2_rho0.9_r001,p10_g2_rho0.9_r002,p10_g2_rho0.9_r003,p10_g2_rho0.9_r004,p10_g2_rho0.9_r005,p10_g2_rho0.9_r006,p10_g2_rho0.9_r007,p10_g2_rho0.9_r008,p10_g2_rho0.9_r009,p10_g2_rho0.9_r010,p10_g2_rho0.9_r011,p10_g2_rho0.9_r012,p10_g2_rho0.9_r013,p10_g2_rho0.9_r014,p10_g2_rho0.9_r015,p10_g2_rho0.9_r016,p10_g2_rho0.9_r017,p10_g2_rho0.9_r018,p10_g2_rho0.9_r019"
across_budget,0.9,augmented_joint,posterior_kl,20,1.312530233742359,1.396798339552441,0.08426810581008164,-0.02184545126714664,0.1903816628873099,7,0,13,0.00017055901048550754,4.3839318798142166e-05,0,"p10_g2_rho0.9_r000,p10_g2_rho0.9_r001,p10_g2_rho0.9_r002,p10_g2_rho0.9_r003,p10_g2_rho0.9_r004,p10_g2_rho0.9_r005,p10_g2_rho0.9_r006,p10_g2_rho0.9_r007,p10_g2_rho0.9_r008,p10_g2_rho0.9_r009,p10_g2_rho0.9_r010,p10_g2_rho0.9_r011,p10_g2_rho0.9_r012,p10_g2_rho0.9_r013,p10_g2_rho0.9_r014,p10_g2_rho0.9_r015,p10_g2_rho0.9_r016,p10_g2_rho0.9_r017,p10_g2_rho0.9_r018,p10_g2_rho0.9_r019"
across_budget,0.9,augmented_joint,group_union_tv,20,0.3027267698455801,0.6064231142007107,0.3036963443551306,0.2774767739062976,0.3299159148039636,0,0,20,,,,"p10_g2_rho0.9_r000,p10_g2_rho0.9_r001,p10_g2_rho0.9_r002,p10_g2_rho0.9_r003,p10_g2_rho0.9_r004,p10_g2_rho0.9_r005,p10_g2_rho0.9_r006,p10_g2_rho0.9_r007,p10_g2_rho0.9_r008,p10_g2_rho0.9_r009,p10_g2_rho0.9_r010,p10_g2_rho0.9_r011,p10_g2_rho0.9_r012,p10_g2_rho0.9_r013,p10_g2_rho0.9_r014,p10_g2_rho0.9_r015,p10_g2_rho0.9_r016,p10_g2_rho0.9_r017,p10_g2_rho0.9_r018,p10_g2_rho0.9_r019"
across_budget,0.9,augmented_joint,pip_mae,20,0.06791359669642151,0.12095115319714038,0.05303755650071888,0.04387477356843528,0.06220033943300249,0,0,20,,,,"p10_g2_rho0.9_r000,p10_g2_rho0.9_r001,p10_g2_rho0.9_r002,p10_g2_rho0.9_r003,p10_g2_rho0.9_r004,p10_g2_rho0.9_r005,p10_g2_rho0.9_r006,p10_g2_rho0.9_r007,p10_g2_rho0.9_r008,p10_g2_rho0.9_r009,p10_g2_rho0.9_r010,p10_g2_rho0.9_r011,p10_g2_rho0.9_r012,p10_g2_rho0.9_r013,p10_g2_rho0.9_r014,p10_g2_rho0.9_r015,p10_g2_rho0.9_r016,p10_g2_rho0.9_r017,p10_g2_rho0.9_r018,p10_g2_rho0.9_r019"
across_budget,0.9,augmented_joint,group_pip_mae,20,0.10647448729619577,0.18082830583980108,0.07435381854360529,0.06001020683038424,0.08869743025682633,0,0,20,,,,"p10_g2_rho0.9_r000,p10_g2_rho0.9_r001,p10_g2_rho0.9_r002,p10_g2_rho0.9_r003,p10_g2_rho0.9_r004,p10_g2_rho0.9_r005,p10_g2_rho0.9_r006,p10_g2_rho0.9_r007,p10_g2_rho0.9_r008,p10_g2_rho0.9_r009,p10_g2_rho0.9_r010,p10_g2_rho0.9_r011,p10_g2_rho0.9_r012,p10_g2_rho0.9_r013,p10_g2_rho0.9_r014,p10_g2_rho0.9_r015,p10_g2_rho0.9_r016,p10_g2_rho0.9_r017,p10_g2_rho0.9_r018,p10_g2_rho0.9_r019"
across_budget,0.9,augmented_joint,posterior_mean_error,20,0.1595408106983188,0.18236652075264542,0.02282571005432659,0.0021024071258500844,0.0435490129828031,6,0,14,,,,"p10_g2_rho0.9_r000,p10_g2_rho0.9_r001,p10_g2_rho0.9_r002,p10_g2_rho0.9_r003,p10_g2_rho0.9_r004,p10_g2_rho0.9_r005,p10_g2_rho0.9_r006,p10_g2_rho0.9_r007,p10_g2_rho0.9_r008,p10_g2_rho0.9_r009,p10_g2_rho0.9_r010,p10_g2_rho0.9_r011,p10_g2_rho0.9_r012,p10_g2_rho0.9_r013,p10_g2_rho0.9_r014,p10_g2_rho0.9_r015,p10_g2_rho0.9_r016,p10_g2_rho0.9_r017,p10_g2_rho0.9_r018,p10_g2_rho0.9_r019"
across_budget,0.9,augmented_joint,covariance_error,20,0.11680455455950303,0.12552432770187483,0.008719773142371772,0.0001060419674863023,0.01733350431725724,6,0,14,,,,"p10_g2_rho0.9_r000,p10_g2_rho0.9_r001,p10_g2_rho0.9_r002,p10_g2_rho0.9_r003,p10_g2_rho0.9_r004,p10_g2_rho0.9_r005,p10_g2_rho0.9_r006,p10_g2_rho0.9_r007,p10_g2_rho0.9_r008,p10_g2_rho0.9_r009,p10_g2_rho0.9_r010,p10_g2_rho0.9_r011,p10_g2_rho0.9_r012,p10_g2_rho0.9_r013,p10_g2_rho0.9_r014,p10_g2_rho0.9_r015,p10_g2_rho0.9_r016,p10_g2_rho0.9_r017,p10_g2_rho0.9_r018,p10_g2_rho0.9_r019"
across_budget,0.9,augmented_joint,full_support_kl,20,0.3221572003841253,1.086317281002917,0.7641600806187915,0.6749547942993532,0.8533653669382297,0,0,20,,,,"p10_g2_rho0.9_r000,p10_g2_rho0.9_r001,p10_g2_rho0.9_r002,p10_g2_rho0.9_r003,p10_g2_rho0.9_r004,p10_g2_rho0.9_r005,p10_g2_rho0.9_r006,p10_g2_rho0.9_r007,p10_g2_rho0.9_r008,p10_g2_rho0.9_r009,p10_g2_rho0.9_r010,p10_g2_rho0.9_r011,p10_g2_rho0.9_r012,p10_g2_rho0.9_r013,p10_g2_rho0.9_r014,p10_g2_rho0.9_r015,p10_g2_rho0.9_r016,p10_g2_rho0.9_r017,p10_g2_rho0.9_r018,p10_g2_rho0.9_r019"
across_budget,0.9,augmented_joint,full_support_tv,20,0.3083053990230017,0.6412918807248494,0.3329864817018477,0.3056464243273824,0.36032653907631296,0,0,20,,,,"p10_g2_rho0.9_r000,p10_g2_rho0.9_r001,p10_g2_rho0.9_r002,p10_g2_rho0.9_r003,p10_g2_rho0.9_r004,p10_g2_rho0.9_r005,p10_g2_rho0.9_r006,p10_g2_rho0.9_r007,p10_g2_rho0.9_r008,p10_g2_rho0.9_r009,p10_g2_rho0.9_r010,p10_g2_rho0.9_r011,p10_g2_rho0.9_r012,p10_g2_rho0.9_r013,p10_g2_rho0.9_r014,p10_g2_rho0.9_r015,p10_g2_rho0.9_r016,p10_g2_rho0.9_r017,p10_g2_rho0.9_r018,p10_g2_rho0.9_r019"
across_budget,0.9,augmented_joint,conditional_kl,20,0.9903730333582338,0.31048105854952407,-0.6798919748087099,-0.7653096671076981,-0.5944742825097217,20,0,0,0.00017055901048550754,4.3839318798142166e-05,0,"p10_g2_rho0.9_r000,p10_g2_rho0.9_r001,p10_g2_rho0.9_r002,p10_g2_rho0.9_r003,p10_g2_rho0.9_r004,p10_g2_rho0.9_r005,p10_g2_rho0.9_r006,p10_g2_rho0.9_r007,p10_g2_rho0.9_r008,p10_g2_rho0.9_r009,p10_g2_rho0.9_r010,p10_g2_rho0.9_r011,p10_g2_rho0.9_r012,p10_g2_rho0.9_r013,p10_g2_rho0.9_r014,p10_g2_rho0.9_r015,p10_g2_rho0.9_r016,p10_g2_rho0.9_r017,p10_g2_rho0.9_r018,p10_g2_rho0.9_r019"
across_budget,0.9,augmented_joint,prediction_mse,20,0.11017018850225098,0.10465168333760891,-0.005518505164642071,-0.012155821587360432,0.0011188112580762903,13,0,7,,,,"p10_g2_rho0.9_r000,p10_g2_rho0.9_r001,p10_g2_rho0.9_r002,p10_g2_rho0.9_r003,p10_g2_rho0.9_r004,p10_g2_rho0.9_r005,p10_g2_rho0.9_r006,p10_g2_rho0.9_r007,p10_g2_rho0.9_r008,p10_g2_rho0.9_r009,p10_g2_rho0.9_r010,p10_g2_rho0.9_r011,p10_g2_rho0.9_r012,p10_g2_rho0.9_r013,p10_g2_rho0.9_r014,p10_g2_rho0.9_r015,p10_g2_rho0.9_r016,p10_g2_rho0.9_r017,p10_g2_rho0.9_r018,p10_g2_rho0.9_r019"
across_budget,0.9,direct_frozen,posterior_kl,20,0.8088315308924482,0.806357085216528,-0.002474445675920123,-0.004642793956044431,-0.0003060973957958145,9,11,0,2.5061865155257445e-05,1.1578184699135184e-05,11,"p10_g2_rho0.9_r000,p10_g2_rho0.9_r001,p10_g2_rho0.9_r002,p10_g2_rho0.9_r003,p10_g2_rho0.9_r004,p10_g2_rho0.9_r005,p10_g2_rho0.9_r006,p10_g2_rho0.9_r007,p10_g2_rho0.9_r008,p10_g2_rho0.9_r009,p10_g2_rho0.9_r010,p10_g2_rho0.9_r011,p10_g2_rho0.9_r012,p10_g2_rho0.9_r013,p10_g2_rho0.9_r014,p10_g2_rho0.9_r015,p10_g2_rho0.9_r016,p10_g2_rho0.9_r017,p10_g2_rho0.9_r018,p10_g2_rho0.9_r019"
across_budget,0.9,direct_frozen,group_union_tv,20,0.33143414240273467,0.33019492409973045,-0.0012392183030041609,-0.0023904167641887976,-8.80198418195244e-05,7,11,2,,,,"p10_g2_rho0.9_r000,p10_g2_rho0.9_r001,p10_g2_rho0.9_r002,p10_g2_rho0.9_r003,p10_g2_rho0.9_r004,p10_g2_rho0.9_r005,p10_g2_rho0.9_r006,p10_g2_rho0.9_r007,p10_g2_rho0.9_r008,p10_g2_rho0.9_r009,p10_g2_rho0.9_r010,p10_g2_rho0.9_r011,p10_g2_rho0.9_r012,p10_g2_rho0.9_r013,p10_g2_rho0.9_r014,p10_g2_rho0.9_r015,p10_g2_rho0.9_r016,p10_g2_rho0.9_r017,p10_g2_rho0.9_r018,p10_g2_rho0.9_r019"
across_budget,0.9,direct_frozen,pip_mae,20,0.07105795352122576,0.07072475291140538,-0.0003332006098203815,-0.0006803549304944366,1.3953710853673593e-05,6,11,3,,,,"p10_g2_rho0.9_r000,p10_g2_rho0.9_r001,p10_g2_rho0.9_r002,p10_g2_rho0.9_r003,p10_g2_rho0.9_r004,p10_g2_rho0.9_r005,p10_g2_rho0.9_r006,p10_g2_rho0.9_r007,p10_g2_rho0.9_r008,p10_g2_rho0.9_r009,p10_g2_rho0.9_r010,p10_g2_rho0.9_r011,p10_g2_rho0.9_r012,p10_g2_rho0.9_r013,p10_g2_rho0.9_r014,p10_g2_rho0.9_r015,p10_g2_rho0.9_r016,p10_g2_rho0.9_r017,p10_g2_rho0.9_r018,p10_g2_rho0.9_r019"
across_budget,0.9,direct_frozen,group_pip_mae,20,0.11595657524454558,0.1154783001389966,-0.0004782751055490232,-0.0009909002492300752,3.4350038132028725e-05,7,11,2,,,,"p10_g2_rho0.9_r000,p10_g2_rho0.9_r001,p10_g2_rho0.9_r002,p10_g2_rho0.9_r003,p10_g2_rho0.9_r004,p10_g2_rho0.9_r005,p10_g2_rho0.9_r006,p10_g2_rho0.9_r007,p10_g2_rho0.9_r008,p10_g2_rho0.9_r009,p10_g2_rho0.9_r010,p10_g2_rho0.9_r011,p10_g2_rho0.9_r012,p10_g2_rho0.9_r013,p10_g2_rho0.9_r014,p10_g2_rho0.9_r015,p10_g2_rho0.9_r016,p10_g2_rho0.9_r017,p10_g2_rho0.9_r018,p10_g2_rho0.9_r019"
across_budget,0.9,direct_frozen,posterior_mean_error,20,0.16004160483710692,0.15984025886892034,-0.00020134596818655314,-0.0010892522389998553,0.0006865603026267491,4,11,5,,,,"p10_g2_rho0.9_r000,p10_g2_rho0.9_r001,p10_g2_rho0.9_r002,p10_g2_rho0.9_r003,p10_g2_rho0.9_r004,p10_g2_rho0.9_r005,p10_g2_rho0.9_r006,p10_g2_rho0.9_r007,p10_g2_rho0.9_r008,p10_g2_rho0.9_r009,p10_g2_rho0.9_r010,p10_g2_rho0.9_r011,p10_g2_rho0.9_r012,p10_g2_rho0.9_r013,p10_g2_rho0.9_r014,p10_g2_rho0.9_r015,p10_g2_rho0.9_r016,p10_g2_rho0.9_r017,p10_g2_rho0.9_r018,p10_g2_rho0.9_r019"
across_budget,0.9,direct_frozen,covariance_error,20,0.11508080209261425,0.11524861283329906,0.0001678107406848213,-0.00017253141803610318,0.0005081528994057457,4,11,5,,,,"p10_g2_rho0.9_r000,p10_g2_rho0.9_r001,p10_g2_rho0.9_r002,p10_g2_rho0.9_r003,p10_g2_rho0.9_r004,p10_g2_rho0.9_r005,p10_g2_rho0.9_r006,p10_g2_rho0.9_r007,p10_g2_rho0.9_r008,p10_g2_rho0.9_r009,p10_g2_rho0.9_r010,p10_g2_rho0.9_r011,p10_g2_rho0.9_r012,p10_g2_rho0.9_r013,p10_g2_rho0.9_r014,p10_g2_rho0.9_r015,p10_g2_rho0.9_r016,p10_g2_rho0.9_r017,p10_g2_rho0.9_r018,p10_g2_rho0.9_r019"
across_budget,0.9,direct_frozen,full_support_kl,20,0.3511168757403681,0.34931842840765237,-0.0017984473327157095,-0.003906210735693526,0.0003093160702621069,6,11,3,,,,"p10_g2_rho0.9_r000,p10_g2_rho0.9_r001,p10_g2_rho0.9_r002,p10_g2_rho0.9_r003,p10_g2_rho0.9_r004,p10_g2_rho0.9_r005,p10_g2_rho0.9_r006,p10_g2_rho0.9_r007,p10_g2_rho0.9_r008,p10_g2_rho0.9_r009,p10_g2_rho0.9_r010,p10_g2_rho0.9_r011,p10_g2_rho0.9_r012,p10_g2_rho0.9_r013,p10_g2_rho0.9_r014,p10_g2_rho0.9_r015,p10_g2_rho0.9_r016,p10_g2_rho0.9_r017,p10_g2_rho0.9_r018,p10_g2_rho0.9_r019"
across_budget,0.9,direct_frozen,full_support_tv,20,0.33328367644766116,0.3321061009227516,-0.001177575524909616,-0.0022877275957754596,-6.742345404377225e-05,7,11,2,,,,"p10_g2_rho0.9_r000,p10_g2_rho0.9_r001,p10_g2_rho0.9_r002,p10_g2_rho0.9_r003,p10_g2_rho0.9_r004,p10_g2_rho0.9_r005,p10_g2_rho0.9_r006,p10_g2_rho0.9_r007,p10_g2_rho0.9_r008,p10_g2_rho0.9_r009,p10_g2_rho0.9_r010,p10_g2_rho0.9_r011,p10_g2_rho0.9_r012,p10_g2_rho0.9_r013,p10_g2_rho0.9_r014,p10_g2_rho0.9_r015,p10_g2_rho0.9_r016,p10_g2_rho0.9_r017,p10_g2_rho0.9_r018,p10_g2_rho0.9_r019"
across_budget,0.9,direct_frozen,conditional_kl,20,0.45771465515208004,0.4570386568088757,-0.0006759983432044148,-0.0025971756510663486,0.0012451789646575188,6,11,3,2.5061865155257445e-05,1.1578184699135184e-05,11,"p10_g2_rho0.9_r000,p10_g2_rho0.9_r001,p10_g2_rho0.9_r002,p10_g2_rho0.9_r003,p10_g2_rho0.9_r004,p10_g2_rho0.9_r005,p10_g2_rho0.9_r006,p10_g2_rho0.9_r007,p10_g2_rho0.9_r008,p10_g2_rho0.9_r009,p10_g2_rho0.9_r010,p10_g2_rho0.9_r011,p10_g2_rho0.9_r012,p10_g2_rho0.9_r013,p10_g2_rho0.9_r014,p10_g2_rho0.9_r015,p10_g2_rho0.9_r016,p10_g2_rho0.9_r017,p10_g2_rho0.9_r018,p10_g2_rho0.9_r019"
across_budget,0.9,direct_frozen,prediction_mse,20,0.10505500873985212,0.10496098619951715,-9.40225403349853e-05,-0.0005139430380283126,0.000325897957358342,4,11,5,,,,"p10_g2_rho0.9_r000,p10_g2_rho0.9_r001,p10_g2_rho0.9_r002,p10_g2_rho0.9_r003,p10_g2_rho0.9_r004,p10_g2_rho0.9_r005,p10_g2_rho0.9_r006,p10_g2_rho0.9_r007,p10_g2_rho0.9_r008,p10_g2_rho0.9_r009,p10_g2_rho0.9_r010,p10_g2_rho0.9_r011,p10_g2_rho0.9_r012,p10_g2_rho0.9_r013,p10_g2_rho0.9_r014,p10_g2_rho0.9_r015,p10_g2_rho0.9_r016,p10_g2_rho0.9_r017,p10_g2_rho0.9_r018,p10_g2_rho0.9_r019"
across_budget,0.9,direct_stagewise,posterior_kl,20,0.8154993389226366,0.8126774462482885,-0.002821892674348092,-0.004489809496132501,-0.0011539758525636829,12,8,0,3.7809769738276716e-05,1.8431524418660763e-05,8,"p10_g2_rho0.9_r000,p10_g2_rho0.9_r001,p10_g2_rho0.9_r002,p10_g2_rho0.9_r003,p10_g2_rho0.9_r004,p10_g2_rho0.9_r005,p10_g2_rho0.9_r006,p10_g2_rho0.9_r007,p10_g2_rho0.9_r008,p10_g2_rho0.9_r009,p10_g2_rho0.9_r010,p10_g2_rho0.9_r011,p10_g2_rho0.9_r012,p10_g2_rho0.9_r013,p10_g2_rho0.9_r014,p10_g2_rho0.9_r015,p10_g2_rho0.9_r016,p10_g2_rho0.9_r017,p10_g2_rho0.9_r018,p10_g2_rho0.9_r019"
across_budget,0.9,direct_stagewise,group_union_tv,20,0.32973256510927706,0.3293649358024168,-0.0003676293068601122,-0.001467367292729867,0.0007321086790096428,7,8,5,,,,"p10_g2_rho0.9_r000,p10_g2_rho0.9_r001,p10_g2_rho0.9_r002,p10_g2_rho0.9_r003,p10_g2_rho0.9_r004,p10_g2_rho0.9_r005,p10_g2_rho0.9_r006,p10_g2_rho0.9_r007,p10_g2_rho0.9_r008,p10_g2_rho0.9_r009,p10_g2_rho0.9_r010,p10_g2_rho0.9_r011,p10_g2_rho0.9_r012,p10_g2_rho0.9_r013,p10_g2_rho0.9_r014,p10_g2_rho0.9_r015,p10_g2_rho0.9_r016,p10_g2_rho0.9_r017,p10_g2_rho0.9_r018,p10_g2_rho0.9_r019"
across_budget,0.9,direct_stagewise,pip_mae,20,0.07064529441210547,0.07080641353080266,0.00016111911869720434,-0.0003478955407233668,0.0006701337781177755,6,8,6,,,,"p10_g2_rho0.9_r000,p10_g2_rho0.9_r001,p10_g2_rho0.9_r002,p10_g2_rho0.9_r003,p10_g2_rho0.9_r004,p10_g2_rho0.9_r005,p10_g2_rho0.9_r006,p10_g2_rho0.9_r007,p10_g2_rho0.9_r008,p10_g2_rho0.9_r009,p10_g2_rho0.9_r010,p10_g2_rho0.9_r011,p10_g2_rho0.9_r012,p10_g2_rho0.9_r013,p10_g2_rho0.9_r014,p10_g2_rho0.9_r015,p10_g2_rho0.9_r016,p10_g2_rho0.9_r017,p10_g2_rho0.9_r018,p10_g2_rho0.9_r019"
across_budget,0.9,direct_stagewise,group_pip_mae,20,0.1152280001435888,0.11546177956772245,0.0002337794241336545,-0.0006282930129924097,0.0010958518612597186,6,8,6,,,,"p10_g2_rho0.9_r000,p10_g2_rho0.9_r001,p10_g2_rho0.9_r002,p10_g2_rho0.9_r003,p10_g2_rho0.9_r004,p10_g2_rho0.9_r005,p10_g2_rho0.9_r006,p10_g2_rho0.9_r007,p10_g2_rho0.9_r008,p10_g2_rho0.9_r009,p10_g2_rho0.9_r010,p10_g2_rho0.9_r011,p10_g2_rho0.9_r012,p10_g2_rho0.9_r013,p10_g2_rho0.9_r014,p10_g2_rho0.9_r015,p10_g2_rho0.9_r016,p10_g2_rho0.9_r017,p10_g2_rho0.9_r018,p10_g2_rho0.9_r019"
across_budget,0.9,direct_stagewise,posterior_mean_error,20,0.15877313079471594,0.15943349291710054,0.0006603621223846328,-0.0012706132924009878,0.002591337537170253,7,8,5,,,,"p10_g2_rho0.9_r000,p10_g2_rho0.9_r001,p10_g2_rho0.9_r002,p10_g2_rho0.9_r003,p10_g2_rho0.9_r004,p10_g2_rho0.9_r005,p10_g2_rho0.9_r006,p10_g2_rho0.9_r007,p10_g2_rho0.9_r008,p10_g2_rho0.9_r009,p10_g2_rho0.9_r010,p10_g2_rho0.9_r011,p10_g2_rho0.9_r012,p10_g2_rho0.9_r013,p10_g2_rho0.9_r014,p10_g2_rho0.9_r015,p10_g2_rho0.9_r016,p10_g2_rho0.9_r017,p10_g2_rho0.9_r018,p10_g2_rho0.9_r019"
across_budget,0.9,direct_stagewise,covariance_error,20,0.11483477106218247,0.11536505411930889,0.00053028305712641,-0.0004267248489547526,0.0014872909632075728,6,8,6,,,,"p10_g2_rho0.9_r000,p10_g2_rho0.9_r001,p10_g2_rho0.9_r002,p10_g2_rho0.9_r003,p10_g2_rho0.9_r004,p10_g2_rho0.9_r005,p10_g2_rho0.9_r006,p10_g2_rho0.9_r007,p10_g2_rho0.9_r008,p10_g2_rho0.9_r009,p10_g2_rho0.9_r010,p10_g2_rho0.9_r011,p10_g2_rho0.9_r012,p10_g2_rho0.9_r013,p10_g2_rho0.9_r014,p10_g2_rho0.9_r015,p10_g2_rho0.9_r016,p10_g2_rho0.9_r017,p10_g2_rho0.9_r018,p10_g2_rho0.9_r019"
across_budget,0.9,direct_stagewise,full_support_kl,20,0.3508560073571513,0.34932458044609405,-0.0015314269110572084,-0.003302975160513481,0.00024012133839906424,10,8,2,,,,"p10_g2_rho0.9_r000,p10_g2_rho0.9_r001,p10_g2_rho0.9_r002,p10_g2_rho0.9_r003,p10_g2_rho0.9_r004,p10_g2_rho0.9_r005,p10_g2_rho0.9_r006,p10_g2_rho0.9_r007,p10_g2_rho0.9_r008,p10_g2_rho0.9_r009,p10_g2_rho0.9_r010,p10_g2_rho0.9_r011,p10_g2_rho0.9_r012,p10_g2_rho0.9_r013,p10_g2_rho0.9_r014,p10_g2_rho0.9_r015,p10_g2_rho0.9_r016,p10_g2_rho0.9_r017,p10_g2_rho0.9_r018,p10_g2_rho0.9_r019"
across_budget,0.9,direct_stagewise,full_support_tv,20,0.3315565704259097,0.3314650673190461,-9.150310686358299e-05,-0.0010113954435027072,0.0008283892297755413,7,8,5,,,,"p10_g2_rho0.9_r000,p10_g2_rho0.9_r001,p10_g2_rho0.9_r002,p10_g2_rho0.9_r003,p10_g2_rho0.9_r004,p10_g2_rho0.9_r005,p10_g2_rho0.9_r006,p10_g2_rho0.9_r007,p10_g2_rho0.9_r008,p10_g2_rho0.9_r009,p10_g2_rho0.9_r010,p10_g2_rho0.9_r011,p10_g2_rho0.9_r012,p10_g2_rho0.9_r013,p10_g2_rho0.9_r014,p10_g2_rho0.9_r015,p10_g2_rho0.9_r016,p10_g2_rho0.9_r017,p10_g2_rho0.9_r018,p10_g2_rho0.9_r019"
across_budget,0.9,direct_stagewise,conditional_kl,20,0.4646433315654853,0.4633528658021945,-0.0012904657632908851,-0.003255278038642569,0.0006743465120607989,8,8,4,3.7809769738276716e-05,1.8431524418660763e-05,8,"p10_g2_rho0.9_r000,p10_g2_rho0.9_r001,p10_g2_rho0.9_r002,p10_g2_rho0.9_r003,p10_g2_rho0.9_r004,p10_g2_rho0.9_r005,p10_g2_rho0.9_r006,p10_g2_rho0.9_r007,p10_g2_rho0.9_r008,p10_g2_rho0.9_r009,p10_g2_rho0.9_r010,p10_g2_rho0.9_r011,p10_g2_rho0.9_r012,p10_g2_rho0.9_r013,p10_g2_rho0.9_r014,p10_g2_rho0.9_r015,p10_g2_rho0.9_r016,p10_g2_rho0.9_r017,p10_g2_rho0.9_r018,p10_g2_rho0.9_r019"
across_budget,0.9,direct_stagewise,prediction_mse,20,0.10591912400053764,0.10569954622738868,-0.0002195777731489528,-0.0005185240542632405,7.936850796533488e-05,9,8,3,,,,"p10_g2_rho0.9_r000,p10_g2_rho0.9_r001,p10_g2_rho0.9_r002,p10_g2_rho0.9_r003,p10_g2_rho0.9_r004,p10_g2_rho0.9_r005,p10_g2_rho0.9_r006,p10_g2_rho0.9_r007,p10_g2_rho0.9_r008,p10_g2_rho0.9_r009,p10_g2_rho0.9_r010,p10_g2_rho0.9_r011,p10_g2_rho0.9_r012,p10_g2_rho0.9_r013,p10_g2_rho0.9_r014,p10_g2_rho0.9_r015,p10_g2_rho0.9_r016,p10_g2_rho0.9_r017,p10_g2_rho0.9_r018,p10_g2_rho0.9_r019"
change_in_contrast,0.9,augmented_joint,posterior_kl,20,-0.5585661040552032,-0.6875551091574803,-0.12898900510227707,-0.23105524614006567,-0.026922764064488458,14,0,6,0.00016676538608061863,4.136118861722942e-05,0,"p10_g2_rho0.9_r000,p10_g2_rho0.9_r001,p10_g2_rho0.9_r002,p10_g2_rho0.9_r003,p10_g2_rho0.9_r004,p10_g2_rho0.9_r005,p10_g2_rho0.9_r006,p10_g2_rho0.9_r007,p10_g2_rho0.9_r008,p10_g2_rho0.9_r009,p10_g2_rho0.9_r010,p10_g2_rho0.9_r011,p10_g2_rho0.9_r012,p10_g2_rho0.9_r013,p10_g2_rho0.9_r014,p10_g2_rho0.9_r015,p10_g2_rho0.9_r016,p10_g2_rho0.9_r017,p10_g2_rho0.9_r018,p10_g2_rho0.9_r019"
change_in_contrast,0.9,augmented_joint,group_union_tv,20,0.006008507018039302,-0.3091648742525085,-0.31517338127054784,-0.34088320842559183,-0.28946355411550384,20,0,0,,,,"p10_g2_rho0.9_r000,p10_g2_rho0.9_r001,p10_g2_rho0.9_r002,p10_g2_rho0.9_r003,p10_g2_rho0.9_r004,p10_g2_rho0.9_r005,p10_g2_rho0.9_r006,p10_g2_rho0.9_r007,p10_g2_rho0.9_r008,p10_g2_rho0.9_r009,p10_g2_rho0.9_r010,p10_g2_rho0.9_r011,p10_g2_rho0.9_r012,p10_g2_rho0.9_r013,p10_g2_rho0.9_r014,p10_g2_rho0.9_r015,p10_g2_rho0.9_r016,p10_g2_rho0.9_r017,p10_g2_rho0.9_r018,p10_g2_rho0.9_r019"
change_in_contrast,0.9,augmented_joint,pip_mae,20,-0.002003535479095816,-0.057372950555117576,-0.05536941507602176,-0.06426905728207351,-0.046469772869970005,20,0,0,,,,"p10_g2_rho0.9_r000,p10_g2_rho0.9_r001,p10_g2_rho0.9_r002,p10_g2_rho0.9_r003,p10_g2_rho0.9_r004,p10_g2_rho0.9_r005,p10_g2_rho0.9_r006,p10_g2_rho0.9_r007,p10_g2_rho0.9_r008,p10_g2_rho0.9_r009,p10_g2_rho0.9_r010,p10_g2_rho0.9_r011,p10_g2_rho0.9_r012,p10_g2_rho0.9_r013,p10_g2_rho0.9_r014,p10_g2_rho0.9_r015,p10_g2_rho0.9_r016,p10_g2_rho0.9_r017,p10_g2_rho0.9_r018,p10_g2_rho0.9_r019"
change_in_contrast,0.9,augmented_joint,group_pip_mae,20,0.0010989191282604507,-0.07670011182812916,-0.07779903095638961,-0.09177536335541799,-0.06382269855736124,20,0,0,,,,"p10_g2_rho0.9_r000,p10_g2_rho0.9_r001,p10_g2_rho0.9_r002,p10_g2_rho0.9_r003,p10_g2_rho0.9_r004,p10_g2_rho0.9_r005,p10_g2_rho0.9_r006,p10_g2_rho0.9_r007,p10_g2_rho0.9_r008,p10_g2_rho0.9_r009,p10_g2_rho0.9_r010,p10_g2_rho0.9_r011,p10_g2_rho0.9_r012,p10_g2_rho0.9_r013,p10_g2_rho0.9_r014,p10_g2_rho0.9_r015,p10_g2_rho0.9_r016,p10_g2_rho0.9_r017,p10_g2_rho0.9_r018,p10_g2_rho0.9_r019"
change_in_contrast,0.9,augmented_joint,posterior_mean_error,20,-0.014290227771673441,-0.043849384760850596,-0.02955915698917716,-0.049738841063749074,-0.009379472914605246,15,0,5,,,,"p10_g2_rho0.9_r000,p10_g2_rho0.9_r001,p10_g2_rho0.9_r002,p10_g2_rho0.9_r003,p10_g2_rho0.9_r004,p10_g2_rho0.9_r005,p10_g2_rho0.9_r006,p10_g2_rho0.9_r007,p10_g2_rho0.9_r008,p10_g2_rho0.9_r009,p10_g2_rho0.9_r010,p10_g2_rho0.9_r011,p10_g2_rho0.9_r012,p10_g2_rho0.9_r013,p10_g2_rho0.9_r014,p10_g2_rho0.9_r015,p10_g2_rho0.9_r016,p10_g2_rho0.9_r017,p10_g2_rho0.9_r018,p10_g2_rho0.9_r019"
change_in_contrast,0.9,augmented_joint,covariance_error,20,-0.007767566668771572,-0.02009825844879925,-0.01233069178002768,-0.020905907035103824,-0.0037554765249515377,17,0,3,,,,"p10_g2_rho0.9_r000,p10_g2_rho0.9_r001,p10_g2_rho0.9_r002,p10_g2_rho0.9_r003,p10_g2_rho0.9_r004,p10_g2_rho0.9_r005,p10_g2_rho0.9_r006,p10_g2_rho0.9_r007,p10_g2_rho0.9_r008,p10_g2_rho0.9_r009,p10_g2_rho0.9_r010,p10_g2_rho0.9_r011,p10_g2_rho0.9_r012,p10_g2_rho0.9_r013,p10_g2_rho0.9_r014,p10_g2_rho0.9_r015,p10_g2_rho0.9_r016,p10_g2_rho0.9_r017,p10_g2_rho0.9_r018,p10_g2_rho0.9_r019"
change_in_contrast,0.9,augmented_joint,full_support_kl,20,-0.007739816593588686,-0.7928997278213005,-0.7851599112277114,-0.8734410779760653,-0.6968787444793576,20,0,0,,,,"p10_g2_rho0.9_r000,p10_g2_rho0.9_r001,p10_g2_rho0.9_r002,p10_g2_rho0.9_r003,p10_g2_rho0.9_r004,p10_g2_rho0.9_r005,p10_g2_rho0.9_r006,p10_g2_rho0.9_r007,p10_g2_rho0.9_r008,p10_g2_rho0.9_r009,p10_g2_rho0.9_r010,p10_g2_rho0.9_r011,p10_g2_rho0.9_r012,p10_g2_rho0.9_r013,p10_g2_rho0.9_r014,p10_g2_rho0.9_r015,p10_g2_rho0.9_r016,p10_g2_rho0.9_r017,p10_g2_rho0.9_r018,p10_g2_rho0.9_r019"
change_in_contrast,0.9,augmented_joint,full_support_tv,20,0.003015777195267887,-0.3417539796603795,-0.3447697568556474,-0.37197372024231284,-0.317565793468982,20,0,0,,,,"p10_g2_rho0.9_r000,p10_g2_rho0.9_r001,p10_g2_rho0.9_r002,p10_g2_rho0.9_r003,p10_g2_rho0.9_r004,p10_g2_rho0.9_r005,p10_g2_rho0.9_r006,p10_g2_rho0.9_r007,p10_g2_rho0.9_r008,p10_g2_rho0.9_r009,p10_g2_rho0.9_r010,p10_g2_rho0.9_r011,p10_g2_rho0.9_r012,p10_g2_rho0.9_r013,p10_g2_rho0.9_r014,p10_g2_rho0.9_r015,p10_g2_rho0.9_r016,p10_g2_rho0.9_r017,p10_g2_rho0.9_r018,p10_g2_rho0.9_r019"
change_in_contrast,0.9,augmented_joint,conditional_kl,20,-0.5508262874616145,0.10534461866382001,0.6561709061254345,0.5735331418765431,0.7388086703743258,0,0,20,0.00016676538608061863,4.136118861722942e-05,0,"p10_g2_rho0.9_r000,p10_g2_rho0.9_r001,p10_g2_rho0.9_r002,p10_g2_rho0.9_r003,p10_g2_rho0.9_r004,p10_g2_rho0.9_r005,p10_g2_rho0.9_r006,p10_g2_rho0.9_r007,p10_g2_rho0.9_r008,p10_g2_rho0.9_r009,p10_g2_rho0.9_r010,p10_g2_rho0.9_r011,p10_g2_rho0.9_r012,p10_g2_rho0.9_r013,p10_g2_rho0.9_r014,p10_g2_rho0.9_r015,p10_g2_rho0.9_r016,p10_g2_rho0.9_r017,p10_g2_rho0.9_r018,p10_g2_rho0.9_r019"
change_in_contrast,0.9,augmented_joint,prediction_mse,20,-0.0055343668280355566,-0.00030321608915405277,0.005231150738881503,-0.0016988388320566374,0.012161140309819643,7,0,13,,,,"p10_g2_rho0.9_r000,p10_g2_rho0.9_r001,p10_g2_rho0.9_r002,p10_g2_rho0.9_r003,p10_g2_rho0.9_r004,p10_g2_rho0.9_r005,p10_g2_rho0.9_r006,p10_g2_rho0.9_r007,p10_g2_rho0.9_r008,p10_g2_rho0.9_r009,p10_g2_rho0.9_r010,p10_g2_rho0.9_r011,p10_g2_rho0.9_r012,p10_g2_rho0.9_r013,p10_g2_rho0.9_r014,p10_g2_rho0.9_r015,p10_g2_rho0.9_r016,p10_g2_rho0.9_r017,p10_g2_rho0.9_r018,p10_g2_rho0.9_r019"
change_in_contrast,0.9,direct_frozen,posterior_kl,20,-0.05486740120529214,-0.09711385482156745,-0.042246453616275305,-0.06320496057881789,-0.021287946653732723,17,2,1,8.503940044415647e-05,2.4530389305571515e-05,2,"p10_g2_rho0.9_r000,p10_g2_rho0.9_r001,p10_g2_rho0.9_r002,p10_g2_rho0.9_r003,p10_g2_rho0.9_r004,p10_g2_rho0.9_r005,p10_g2_rho0.9_r006,p10_g2_rho0.9_r007,p10_g2_rho0.9_r008,p10_g2_rho0.9_r009,p10_g2_rho0.9_r010,p10_g2_rho0.9_r011,p10_g2_rho0.9_r012,p10_g2_rho0.9_r013,p10_g2_rho0.9_r014,p10_g2_rho0.9_r015,p10_g2_rho0.9_r016,p10_g2_rho0.9_r017,p10_g2_rho0.9_r018,p10_g2_rho0.9_r019"
change_in_contrast,0.9,direct_frozen,group_union_tv,20,-0.022698865539115237,-0.03293668415152829,-0.010237818612413048,-0.018790776300016798,-0.0016848609248092967,13,2,5,,,,"p10_g2_rho0.9_r000,p10_g2_rho0.9_r001,p10_g2_rho0.9_r002,p10_g2_rho0.9_r003,p10_g2_rho0.9_r004,p10_g2_rho0.9_r005,p10_g2_rho0.9_r006,p10_g2_rho0.9_r007,p10_g2_rho0.9_r008,p10_g2_rho0.9_r009,p10_g2_rho0.9_r010,p10_g2_rho0.9_r011,p10_g2_rho0.9_r012,p10_g2_rho0.9_r013,p10_g2_rho0.9_r014,p10_g2_rho0.9_r015,p10_g2_rho0.9_r016,p10_g2_rho0.9_r017,p10_g2_rho0.9_r018,p10_g2_rho0.9_r019"
change_in_contrast,0.9,direct_frozen,pip_mae,20,-0.005147892303900071,-0.007146550269382566,-0.001998657965482497,-0.0032741208391599847,-0.0007231950918050094,14,2,4,,,,"p10_g2_rho0.9_r000,p10_g2_rho0.9_r001,p10_g2_rho0.9_r002,p10_g2_rho0.9_r003,p10_g2_rho0.9_r004,p10_g2_rho0.9_r005,p10_g2_rho0.9_r006,p10_g2_rho0.9_r007,p10_g2_rho0.9_r008,p10_g2_rho0.9_r009,p10_g2_rho0.9_r010,p10_g2_rho0.9_r011,p10_g2_rho0.9_r012,p10_g2_rho0.9_r013,p10_g2_rho0.9_r014,p10_g2_rho0.9_r015,p10_g2_rho0.9_r016,p10_g2_rho0.9_r017,p10_g2_rho0.9_r018,p10_g2_rho0.9_r019"
change_in_contrast,0.9,direct_frozen,group_pip_mae,20,-0.008383168820089378,-0.011350106127324696,-0.002966937307235319,-0.004851422425658758,-0.0010824521888118807,13,2,5,,,,"p10_g2_rho0.9_r000,p10_g2_rho0.9_r001,p10_g2_rho0.9_r002,p10_g2_rho0.9_r003,p10_g2_rho0.9_r004,p10_g2_rho0.9_r005,p10_g2_rho0.9_r006,p10_g2_rho0.9_r007,p10_g2_rho0.9_r008,p10_g2_rho0.9_r009,p10_g2_rho0.9_r010,p10_g2_rho0.9_r011,p10_g2_rho0.9_r012,p10_g2_rho0.9_r013,p10_g2_rho0.9_r014,p10_g2_rho0.9_r015,p10_g2_rho0.9_r016,p10_g2_rho0.9_r017,p10_g2_rho0.9_r018,p10_g2_rho0.9_r019"
change_in_contrast,0.9,direct_frozen,posterior_mean_error,20,-0.014791021910461555,-0.021323122877125573,-0.006532100966664017,-0.010877665188556783,-0.002186536744771252,15,2,3,,,,"p10_g2_rho0.9_r000,p10_g2_rho0.9_r001,p10_g2_rho0.9_r002,p10_g2_rho0.9_r003,p10_g2_rho0.9_r004,p10_g2_rho0.9_r005,p10_g2_rho0.9_r006,p10_g2_rho0.9_r007,p10_g2_rho0.9_r008,p10_g2_rho0.9_r009,p10_g2_rho0.9_r010,p10_g2_rho0.9_r011,p10_g2_rho0.9_r012,p10_g2_rho0.9_r013,p10_g2_rho0.9_r014,p10_g2_rho0.9_r015,p10_g2_rho0.9_r016,p10_g2_rho0.9_r017,p10_g2_rho0.9_r018,p10_g2_rho0.9_r019"
change_in_contrast,0.9,direct_frozen,covariance_error,20,-0.006043814201882777,-0.009822543580223506,-0.0037787293783407274,-0.0070160025628348294,-0.000541456193846625,15,2,3,,,,"p10_g2_rho0.9_r000,p10_g2_rho0.9_r001,p10_g2_rho0.9_r002,p10_g2_rho0.9_r003,p10_g2_rho0.9_r004,p10_g2_rho0.9_r005,p10_g2_rho0.9_r006,p10_g2_rho0.9_r007,p10_g2_rho0.9_r008,p10_g2_rho0.9_r009,p10_g2_rho0.9_r010,p10_g2_rho0.9_r011,p10_g2_rho0.9_r012,p10_g2_rho0.9_r013,p10_g2_rho0.9_r014,p10_g2_rho0.9_r015,p10_g2_rho0.9_r016,p10_g2_rho0.9_r017,p10_g2_rho0.9_r018,p10_g2_rho0.9_r019"
change_in_contrast,0.9,direct_frozen,full_support_kl,20,-0.03669949194983146,-0.05590087522603597,-0.019201383276204527,-0.033675663568802174,-0.004727102983606879,17,2,1,,,,"p10_g2_rho0.9_r000,p10_g2_rho0.9_r001,p10_g2_rho0.9_r002,p10_g2_rho0.9_r003,p10_g2_rho0.9_r004,p10_g2_rho0.9_r005,p10_g2_rho0.9_r006,p10_g2_rho0.9_r007,p10_g2_rho0.9_r008,p10_g2_rho0.9_r009,p10_g2_rho0.9_r010,p10_g2_rho0.9_r011,p10_g2_rho0.9_r012,p10_g2_rho0.9_r013,p10_g2_rho0.9_r014,p10_g2_rho0.9_r015,p10_g2_rho0.9_r016,p10_g2_rho0.9_r017,p10_g2_rho0.9_r018,p10_g2_rho0.9_r019"
change_in_contrast,0.9,direct_frozen,full_support_tv,20,-0.021962500229391592,-0.03256819985828164,-0.01060569962889005,-0.019170856587792218,-0.0020405426699878857,14,2,4,,,,"p10_g2_rho0.9_r000,p10_g2_rho0.9_r001,p10_g2_rho0.9_r002,p10_g2_rho0.9_r003,p10_g2_rho0.9_r004,p10_g2_rho0.9_r005,p10_g2_rho0.9_r006,p10_g2_rho0.9_r007,p10_g2_rho0.9_r008,p10_g2_rho0.9_r009,p10_g2_rho0.9_r010,p10_g2_rho0.9_r011,p10_g2_rho0.9_r012,p10_g2_rho0.9_r013,p10_g2_rho0.9_r014,p10_g2_rho0.9_r015,p10_g2_rho0.9_r016,p10_g2_rho0.9_r017,p10_g2_rho0.9_r018,p10_g2_rho0.9_r019"
change_in_contrast,0.9,direct_frozen,conditional_kl,20,-0.018167909255460697,-0.04121297959553148,-0.023045070340070785,-0.03409830650102075,-0.011991834179120824,16,2,2,8.503940044415647e-05,2.4530389305571515e-05,2,"p10_g2_rho0.9_r000,p10_g2_rho0.9_r001,p10_g2_rho0.9_r002,p10_g2_rho0.9_r003,p10_g2_rho0.9_r004,p10_g2_rho0.9_r005,p10_g2_rho0.9_r006,p10_g2_rho0.9_r007,p10_g2_rho0.9_r008,p10_g2_rho0.9_r009,p10_g2_rho0.9_r010,p10_g2_rho0.9_r011,p10_g2_rho0.9_r012,p10_g2_rho0.9_r013,p10_g2_rho0.9_r014,p10_g2_rho0.9_r015,p10_g2_rho0.9_r016,p10_g2_rho0.9_r017,p10_g2_rho0.9_r018,p10_g2_rho0.9_r019"
change_in_contrast,0.9,direct_frozen,prediction_mse,20,-0.00041918706563670723,-0.0006125189510622888,-0.00019333188542558152,-0.0011714391646621687,0.0007847753938110056,11,2,7,,,,"p10_g2_rho0.9_r000,p10_g2_rho0.9_r001,p10_g2_rho0.9_r002,p10_g2_rho0.9_r003,p10_g2_rho0.9_r004,p10_g2_rho0.9_r005,p10_g2_rho0.9_r006,p10_g2_rho0.9_r007,p10_g2_rho0.9_r008,p10_g2_rho0.9_r009,p10_g2_rho0.9_r010,p10_g2_rho0.9_r011,p10_g2_rho0.9_r012,p10_g2_rho0.9_r013,p10_g2_rho0.9_r014,p10_g2_rho0.9_r015,p10_g2_rho0.9_r016,p10_g2_rho0.9_r017,p10_g2_rho0.9_r018,p10_g2_rho0.9_r019"
change_in_contrast,0.9,direct_stagewise,posterior_kl,20,-0.061535209235480705,-0.10343421585332804,-0.04189900661784733,-0.0631168464210127,-0.02068116681468197,17,2,1,8.987405073878367e-05,2.86936521766071e-05,2,"p10_g2_rho0.9_r000,p10_g2_rho0.9_r001,p10_g2_rho0.9_r002,p10_g2_rho0.9_r003,p10_g2_rho0.9_r004,p10_g2_rho0.9_r005,p10_g2_rho0.9_r006,p10_g2_rho0.9_r007,p10_g2_rho0.9_r008,p10_g2_rho0.9_r009,p10_g2_rho0.9_r010,p10_g2_rho0.9_r011,p10_g2_rho0.9_r012,p10_g2_rho0.9_r013,p10_g2_rho0.9_r014,p10_g2_rho0.9_r015,p10_g2_rho0.9_r016,p10_g2_rho0.9_r017,p10_g2_rho0.9_r018,p10_g2_rho0.9_r019"
change_in_contrast,0.9,direct_stagewise,group_union_tv,20,-0.020997288245657615,-0.032106695854214704,-0.011109407608557097,-0.01926613526215695,-0.002952679954957245,14,2,4,,,,"p10_g2_rho0.9_r000,p10_g2_rho0.9_r001,p10_g2_rho0.9_r002,p10_g2_rho0.9_r003,p10_g2_rho0.9_r004,p10_g2_rho0.9_r005,p10_g2_rho0.9_r006,p10_g2_rho0.9_r007,p10_g2_rho0.9_r008,p10_g2_rho0.9_r009,p10_g2_rho0.9_r010,p10_g2_rho0.9_r011,p10_g2_rho0.9_r012,p10_g2_rho0.9_r013,p10_g2_rho0.9_r014,p10_g2_rho0.9_r015,p10_g2_rho0.9_r016,p10_g2_rho0.9_r017,p10_g2_rho0.9_r018,p10_g2_rho0.9_r019"
change_in_contrast,0.9,direct_stagewise,pip_mae,20,-0.0047352331947797775,-0.007228210888779859,-0.0024929776940000826,-0.0038973628347881775,-0.001088592553211988,16,2,2,,,,"p10_g2_rho0.9_r000,p10_g2_rho0.9_r001,p10_g2_rho0.9_r002,p10_g2_rho0.9_r003,p10_g2_rho0.9_r004,p10_g2_rho0.9_r005,p10_g2_rho0.9_r006,p10_g2_rho0.9_r007,p10_g2_rho0.9_r008,p10_g2_rho0.9_r009,p10_g2_rho0.9_r010,p10_g2_rho0.9_r011,p10_g2_rho0.9_r012,p10_g2_rho0.9_r013,p10_g2_rho0.9_r014,p10_g2_rho0.9_r015,p10_g2_rho0.9_r016,p10_g2_rho0.9_r017,p10_g2_rho0.9_r018,p10_g2_rho0.9_r019"
change_in_contrast,0.9,direct_stagewise,group_pip_mae,20,-0.0076545937191325715,-0.011333585556050565,-0.0036789918369179962,-0.005753195589269939,-0.0016047880845660536,15,2,3,,,,"p10_g2_rho0.9_r000,p10_g2_rho0.9_r001,p10_g2_rho0.9_r002,p10_g2_rho0.9_r003,p10_g2_rho0.9_r004,p10_g2_rho0.9_r005,p10_g2_rho0.9_r006,p10_g2_rho0.9_r007,p10_g2_rho0.9_r008,p10_g2_rho0.9_r009,p10_g2_rho0.9_r010,p10_g2_rho0.9_r011,p10_g2_rho0.9_r012,p10_g2_rho0.9_r013,p10_g2_rho0.9_r014,p10_g2_rho0.9_r015,p10_g2_rho0.9_r016,p10_g2_rho0.9_r017,p10_g2_rho0.9_r018,p10_g2_rho0.9_r019"
change_in_contrast,0.9,direct_stagewise,posterior_mean_error,20,-0.013522547868070561,-0.020916356925305763,-0.007393809057235202,-0.012231263403250007,-0.002556354711220397,14,2,4,,,,"p10_g2_rho0.9_r000,p10_g2_rho0.9_r001,p10_g2_rho0.9_r002,p10_g2_rho0.9_r003,p10_g2_rho0.9_r004,p10_g2_rho0.9_r005,p10_g2_rho0.9_r006,p10_g2_rho0.9_r007,p10_g2_rho0.9_r008,p10_g2_rho0.9_r009,p10_g2_rho0.9_r010,p10_g2_rho0.9_r011,p10_g2_rho0.9_r012,p10_g2_rho0.9_r013,p10_g2_rho0.9_r014,p10_g2_rho0.9_r015,p10_g2_rho0.9_r016,p10_g2_rho0.9_r017,p10_g2_rho0.9_r018,p10_g2_rho0.9_r019"
change_in_contrast,0.9,direct_stagewise,covariance_error,20,-0.005797783171451005,-0.00993898486623332,-0.0041412016947823165,-0.007352566054959525,-0.0009298373346051077,14,2,4,,,,"p10_g2_rho0.9_r000,p10_g2_rho0.9_r001,p10_g2_rho0.9_r002,p10_g2_rho0.9_r003,p10_g2_rho0.9_r004,p10_g2_rho0.9_r005,p10_g2_rho0.9_r006,p10_g2_rho0.9_r007,p10_g2_rho0.9_r008,p10_g2_rho0.9_r009,p10_g2_rho0.9_r010,p10_g2_rho0.9_r011,p10_g2_rho0.9_r012,p10_g2_rho0.9_r013,p10_g2_rho0.9_r014,p10_g2_rho0.9_r015,p10_g2_rho0.9_r016,p10_g2_rho0.9_r017,p10_g2_rho0.9_r018,p10_g2_rho0.9_r019"
change_in_contrast,0.9,direct_stagewise,full_support_kl,20,-0.03643862356661466,-0.05590702726447768,-0.019468403697863026,-0.03341631274117629,-0.005520494654549761,16,2,2,,,,"p10_g2_rho0.9_r000,p10_g2_rho0.9_r001,p10_g2_rho0.9_r002,p10_g2_rho0.9_r003,p10_g2_rho0.9_r004,p10_g2_rho0.9_r005,p10_g2_rho0.9_r006,p10_g2_rho0.9_r007,p10_g2_rho0.9_r008,p10_g2_rho0.9_r009,p10_g2_rho0.9_r010,p10_g2_rho0.9_r011,p10_g2_rho0.9_r012,p10_g2_rho0.9_r013,p10_g2_rho0.9_r014,p10_g2_rho0.9_r015,p10_g2_rho0.9_r016,p10_g2_rho0.9_r017,p10_g2_rho0.9_r018,p10_g2_rho0.9_r019"
change_in_contrast,0.9,direct_stagewise,full_support_tv,20,-0.020235394207640138,-0.03192716625457622,-0.011691772046936083,-0.019925014128704677,-0.003458529965167491,15,2,3,,,,"p10_g2_rho0.9_r000,p10_g2_rho0.9_r001,p10_g2_rho0.9_r002,p10_g2_rho0.9_r003,p10_g2_rho0.9_r004,p10_g2_rho0.9_r005,p10_g2_rho0.9_r006,p10_g2_rho0.9_r007,p10_g2_rho0.9_r008,p10_g2_rho0.9_r009,p10_g2_rho0.9_r010,p10_g2_rho0.9_r011,p10_g2_rho0.9_r012,p10_g2_rho0.9_r013,p10_g2_rho0.9_r014,p10_g2_rho0.9_r015,p10_g2_rho0.9_r016,p10_g2_rho0.9_r017,p10_g2_rho0.9_r018,p10_g2_rho0.9_r019"
change_in_contrast,0.9,direct_stagewise,conditional_kl,20,-0.025096585668866044,-0.047527188588850355,-0.022430602919984312,-0.03357200325840041,-0.011289202581568214,15,2,3,8.987405073878367e-05,2.86936521766071e-05,2,"p10_g2_rho0.9_r000,p10_g2_rho0.9_r001,p10_g2_rho0.9_r002,p10_g2_rho0.9_r003,p10_g2_rho0.9_r004,p10_g2_rho0.9_r005,p10_g2_rho0.9_r006,p10_g2_rho0.9_r007,p10_g2_rho0.9_r008,p10_g2_rho0.9_r009,p10_g2_rho0.9_r010,p10_g2_rho0.9_r011,p10_g2_rho0.9_r012,p10_g2_rho0.9_r013,p10_g2_rho0.9_r014,p10_g2_rho0.9_r015,p10_g2_rho0.9_r016,p10_g2_rho0.9_r017,p10_g2_rho0.9_r018,p10_g2_rho0.9_r019"
change_in_contrast,0.9,direct_stagewise,prediction_mse,20,-0.0012833023263222228,-0.0013510789789338367,-6.7776652611614e-05,-0.001132123917486599,0.000996570612263371,10,2,8,,,,"p10_g2_rho0.9_r000,p10_g2_rho0.9_r001,p10_g2_rho0.9_r002,p10_g2_rho0.9_r003,p10_g2_rho0.9_r004,p10_g2_rho0.9_r005,p10_g2_rho0.9_r006,p10_g2_rho0.9_r007,p10_g2_rho0.9_r008,p10_g2_rho0.9_r009,p10_g2_rho0.9_r010,p10_g2_rho0.9_r011,p10_g2_rho0.9_r012,p10_g2_rho0.9_r013,p10_g2_rho0.9_r014,p10_g2_rho0.9_r015,p10_g2_rho0.9_r016,p10_g2_rho0.9_r017,p10_g2_rho0.9_r018,p10_g2_rho0.9_r019"
across_budget,0.99,direct_joint,posterior_kl,20,1.8664267061462485,1.810115525451342,-0.05631118069490668,-0.10141694258458803,-0.011205418805225346,19,1,0,5.9994607831178234e-05,1.5621104111093812e-05,1,"p10_g2_rho0.99_r000,p10_g2_rho0.99_r001,p10_g2_rho0.99_r002,p10_g2_rho0.99_r003,p10_g2_rho0.99_r004,p10_g2_rho0.99_r005,p10_g2_rho0.99_r006,p10_g2_rho0.99_r007,p10_g2_rho0.99_r008,p10_g2_rho0.99_r009,p10_g2_rho0.99_r010,p10_g2_rho0.99_r011,p10_g2_rho0.99_r012,p10_g2_rho0.99_r013,p10_g2_rho0.99_r014,p10_g2_rho0.99_r015,p10_g2_rho0.99_r016,p10_g2_rho0.99_r017,p10_g2_rho0.99_r018,p10_g2_rho0.99_r019"
across_budget,0.99,direct_joint,group_union_tv,20,0.6268194238171552,0.6132765296357039,-0.013542894181451165,-0.0254316326089812,-0.0016541557539211296,16,1,3,,,,"p10_g2_rho0.99_r000,p10_g2_rho0.99_r001,p10_g2_rho0.99_r002,p10_g2_rho0.99_r003,p10_g2_rho0.99_r004,p10_g2_rho0.99_r005,p10_g2_rho0.99_r006,p10_g2_rho0.99_r007,p10_g2_rho0.99_r008,p10_g2_rho0.99_r009,p10_g2_rho0.99_r010,p10_g2_rho0.99_r011,p10_g2_rho0.99_r012,p10_g2_rho0.99_r013,p10_g2_rho0.99_r014,p10_g2_rho0.99_r015,p10_g2_rho0.99_r016,p10_g2_rho0.99_r017,p10_g2_rho0.99_r018,p10_g2_rho0.99_r019"
across_budget,0.99,direct_joint,pip_mae,20,0.15242383927715167,0.1485502359974164,-0.0038736032797353145,-0.007764146311891282,1.693975242065323e-05,13,1,6,,,,"p10_g2_rho0.99_r000,p10_g2_rho0.99_r001,p10_g2_rho0.99_r002,p10_g2_rho0.99_r003,p10_g2_rho0.99_r004,p10_g2_rho0.99_r005,p10_g2_rho0.99_r006,p10_g2_rho0.99_r007,p10_g2_rho0.99_r008,p10_g2_rho0.99_r009,p10_g2_rho0.99_r010,p10_g2_rho0.99_r011,p10_g2_rho0.99_r012,p10_g2_rho0.99_r013,p10_g2_rho0.99_r014,p10_g2_rho0.99_r015,p10_g2_rho0.99_r016,p10_g2_rho0.99_r017,p10_g2_rho0.99_r018,p10_g2_rho0.99_r019"
across_budget,0.99,direct_joint,group_pip_mae,20,0.2501885275611457,0.2442599636247623,-0.005928563936383416,-0.012370118696071908,0.0005129908233050757,13,1,6,,,,"p10_g2_rho0.99_r000,p10_g2_rho0.99_r001,p10_g2_rho0.99_r002,p10_g2_rho0.99_r003,p10_g2_rho0.99_r004,p10_g2_rho0.99_r005,p10_g2_rho0.99_r006,p10_g2_rho0.99_r007,p10_g2_rho0.99_r008,p10_g2_rho0.99_r009,p10_g2_rho0.99_r010,p10_g2_rho0.99_r011,p10_g2_rho0.99_r012,p10_g2_rho0.99_r013,p10_g2_rho0.99_r014,p10_g2_rho0.99_r015,p10_g2_rho0.99_r016,p10_g2_rho0.99_r017,p10_g2_rho0.99_r018,p10_g2_rho0.99_r019"
across_budget,0.99,direct_joint,posterior_mean_error,20,0.38347563742555374,0.37518416844279134,-0.008291468982762382,-0.017948948765485126,0.0013660107999603627,12,1,7,,,,"p10_g2_rho0.99_r000,p10_g2_rho0.99_r001,p10_g2_rho0.99_r002,p10_g2_rho0.99_r003,p10_g2_rho0.99_r004,p10_g2_rho0.99_r005,p10_g2_rho0.99_r006,p10_g2_rho0.99_r007,p10_g2_rho0.99_r008,p10_g2_rho0.99_r009,p10_g2_rho0.99_r010,p10_g2_rho0.99_r011,p10_g2_rho0.99_r012,p10_g2_rho0.99_r013,p10_g2_rho0.99_r014,p10_g2_rho0.99_r015,p10_g2_rho0.99_r016,p10_g2_rho0.99_r017,p10_g2_rho0.99_r018,p10_g2_rho0.99_r019"
across_budget,0.99,direct_joint,covariance_error,20,0.5319434759172026,0.5267093431643116,-0.005234132752890958,-0.011565655200006887,0.0010973896942249716,13,1,6,,,,"p10_g2_rho0.99_r000,p10_g2_rho0.99_r001,p10_g2_rho0.99_r002,p10_g2_rho0.99_r003,p10_g2_rho0.99_r004,p10_g2_rho0.99_r005,p10_g2_rho0.99_r006,p10_g2_rho0.99_r007,p10_g2_rho0.99_r008,p10_g2_rho0.99_r009,p10_g2_rho0.99_r010,p10_g2_rho0.99_r011,p10_g2_rho0.99_r012,p10_g2_rho0.99_r013,p10_g2_rho0.99_r014,p10_g2_rho0.99_r015,p10_g2_rho0.99_r016,p10_g2_rho0.99_r017,p10_g2_rho0.99_r018,p10_g2_rho0.99_r019"
across_budget,0.99,direct_joint,full_support_kl,20,1.1865276774034057,1.1440876720413222,-0.04244000536208367,-0.07830327947743711,-0.006576731246730236,17,1,2,,,,"p10_g2_rho0.99_r000,p10_g2_rho0.99_r001,p10_g2_rho0.99_r002,p10_g2_rho0.99_r003,p10_g2_rho0.99_r004,p10_g2_rho0.99_r005,p10_g2_rho0.99_r006,p10_g2_rho0.99_r007,p10_g2_rho0.99_r008,p10_g2_rho0.99_r009,p10_g2_rho0.99_r010,p10_g2_rho0.99_r011,p10_g2_rho0.99_r012,p10_g2_rho0.99_r013,p10_g2_rho0.99_r014,p10_g2_rho0.99_r015,p10_g2_rho0.99_r016,p10_g2_rho0.99_r017,p10_g2_rho0.99_r018,p10_g2_rho0.99_r019"
across_budget,0.99,direct_joint,full_support_tv,20,0.6293312076398914,0.6158506384491049,-0.013480569190786395,-0.025254587748002398,-0.0017065506335703935,16,1,3,,,,"p10_g2_rho0.99_r000,p10_g2_rho0.99_r001,p10_g2_rho0.99_r002,p10_g2_rho0.99_r003,p10_g2_rho0.99_r004,p10_g2_rho0.99_r005,p10_g2_rho0.99_r006,p10_g2_rho0.99_r007,p10_g2_rho0.99_r008,p10_g2_rho0.99_r009,p10_g2_rho0.99_r010,p10_g2_rho0.99_r011,p10_g2_rho0.99_r012,p10_g2_rho0.99_r013,p10_g2_rho0.99_r014,p10_g2_rho0.99_r015,p10_g2_rho0.99_r016,p10_g2_rho0.99_r017,p10_g2_rho0.99_r018,p10_g2_rho0.99_r019"
across_budget,0.99,direct_joint,conditional_kl,20,0.6798990287428426,0.6660278534100196,-0.01387117533282301,-0.02552343173804987,-0.0022189189275961495,15,1,4,5.9994607831178234e-05,1.5621104111093812e-05,2,"p10_g2_rho0.99_r000,p10_g2_rho0.99_r001,p10_g2_rho0.99_r002,p10_g2_rho0.99_r003,p10_g2_rho0.99_r004,p10_g2_rho0.99_r005,p10_g2_rho0.99_r006,p10_g2_rho0.99_r007,p10_g2_rho0.99_r008,p10_g2_rho0.99_r009,p10_g2_rho0.99_r010,p10_g2_rho0.99_r011,p10_g2_rho0.99_r012,p10_g2_rho0.99_r013,p10_g2_rho0.99_r014,p10_g2_rho0.99_r015,p10_g2_rho0.99_r016,p10_g2_rho0.99_r017,p10_g2_rho0.99_r018,p10_g2_rho0.99_r019"
across_budget,0.99,direct_joint,prediction_mse,20,0.07918892696434317,0.07923765389928969,4.8726934946534235e-05,-0.0005023095032907697,0.0005997633731838382,9,1,10,,,,"p10_g2_rho0.99_r000,p10_g2_rho0.99_r001,p10_g2_rho0.99_r002,p10_g2_rho0.99_r003,p10_g2_rho0.99_r004,p10_g2_rho0.99_r005,p10_g2_rho0.99_r006,p10_g2_rho0.99_r007,p10_g2_rho0.99_r008,p10_g2_rho0.99_r009,p10_g2_rho0.99_r010,p10_g2_rho0.99_r011,p10_g2_rho0.99_r012,p10_g2_rho0.99_r013,p10_g2_rho0.99_r014,p10_g2_rho0.99_r015,p10_g2_rho0.99_r016,p10_g2_rho0.99_r017,p10_g2_rho0.99_r018,p10_g2_rho0.99_r019"
across_budget,0.99,augmented_joint,posterior_kl,20,2.392702490655167,2.463114911151689,0.07041242049652183,-0.0035035329446975183,0.14432837393774117,5,0,15,0.00013274625758177597,3.357505654476922e-05,0,"p10_g2_rho0.99_r000,p10_g2_rho0.99_r001,p10_g2_rho0.99_r002,p10_g2_rho0.99_r003,p10_g2_rho0.99_r004,p10_g2_rho0.99_r005,p10_g2_rho0.99_r006,p10_g2_rho0.99_r007,p10_g2_rho0.99_r008,p10_g2_rho0.99_r009,p10_g2_rho0.99_r010,p10_g2_rho0.99_r011,p10_g2_rho0.99_r012,p10_g2_rho0.99_r013,p10_g2_rho0.99_r014,p10_g2_rho0.99_r015,p10_g2_rho0.99_r016,p10_g2_rho0.99_r017,p10_g2_rho0.99_r018,p10_g2_rho0.99_r019"
across_budget,0.99,augmented_joint,group_union_tv,20,0.6066027421140785,0.837877628372729,0.2312748862586506,0.2048218456732661,0.2577279268440351,0,0,20,,,,"p10_g2_rho0.99_r000,p10_g2_rho0.99_r001,p10_g2_rho0.99_r002,p10_g2_rho0.99_r003,p10_g2_rho0.99_r004,p10_g2_rho0.99_r005,p10_g2_rho0.99_r006,p10_g2_rho0.99_r007,p10_g2_rho0.99_r008,p10_g2_rho0.99_r009,p10_g2_rho0.99_r010,p10_g2_rho0.99_r011,p10_g2_rho0.99_r012,p10_g2_rho0.99_r013,p10_g2_rho0.99_r014,p10_g2_rho0.99_r015,p10_g2_rho0.99_r016,p10_g2_rho0.99_r017,p10_g2_rho0.99_r018,p10_g2_rho0.99_r019"
across_budget,0.99,augmented_joint,pip_mae,20,0.15821050961453179,0.20086901362001028,0.04265850400547851,0.03030051792282651,0.05501649008813052,1,0,19,,,,"p10_g2_rho0.99_r000,p10_g2_rho0.99_r001,p10_g2_rho0.99_r002,p10_g2_rho0.99_r003,p10_g2_rho0.99_r004,p10_g2_rho0.99_r005,p10_g2_rho0.99_r006,p10_g2_rho0.99_r007,p10_g2_rho0.99_r008,p10_g2_rho0.99_r009,p10_g2_rho0.99_r010,p10_g2_rho0.99_r011,p10_g2_rho0.99_r012,p10_g2_rho0.99_r013,p10_g2_rho0.99_r014,p10_g2_rho0.99_r015,p10_g2_rho0.99_r016,p10_g2_rho0.99_r017,p10_g2_rho0.99_r018,p10_g2_rho0.99_r019"
across_budget,0.99,augmented_joint,group_pip_mae,20,0.25234901831754597,0.31038071863544314,0.058031700317897096,0.03769309939894594,0.07837030123684825,2,0,18,,,,"p10_g2_rho0.99_r000,p10_g2_rho0.99_r001,p10_g2_rho0.99_r002,p10_g2_rho0.99_r003,p10_g2_rho0.99_r004,p10_g2_rho0.99_r005,p10_g2_rho0.99_r006,p10_g2_rho0.99_r007,p10_g2_rho0.99_r008,p10_g2_rho0.99_r009,p10_g2_rho0.99_r010,p10_g2_rho0.99_r011,p10_g2_rho0.99_r012,p10_g2_rho0.99_r013,p10_g2_rho0.99_r014,p10_g2_rho0.99_r015,p10_g2_rho0.99_r016,p10_g2_rho0.99_r017,p10_g2_rho0.99_r018,p10_g2_rho0.99_r019"
across_budget,0.99,augmented_joint,posterior_mean_error,20,0.4114428423525863,0.40316836690839813,-0.008274475444188165,-0.04099382180789127,0.02444487091951494,10,0,10,,,,"p10_g2_rho0.99_r000,p10_g2_rho0.99_r001,p10_g2_rho0.99_r002,p10_g2_rho0.99_r003,p10_g2_rho0.99_r004,p10_g2_rho0.99_r005,p10_g2_rho0.99_r006,p10_g2_rho0.99_r007,p10_g2_rho0.99_r008,p10_g2_rho0.99_r009,p10_g2_rho0.99_r010,p10_g2_rho0.99_r011,p10_g2_rho0.99_r012,p10_g2_rho0.99_r013,p10_g2_rho0.99_r014,p10_g2_rho0.99_r015,p10_g2_rho0.99_r016,p10_g2_rho0.99_r017,p10_g2_rho0.99_r018,p10_g2_rho0.99_r019"
across_budget,0.99,augmented_joint,covariance_error,20,0.5427174634099753,0.539755276060656,-0.002962187349319223,-0.018072433256367412,0.012148058557728967,9,0,11,,,,"p10_g2_rho0.99_r000,p10_g2_rho0.99_r001,p10_g2_rho0.99_r002,p10_g2_rho0.99_r003,p10_g2_rho0.99_r004,p10_g2_rho0.99_r005,p10_g2_rho0.99_r006,p10_g2_rho0.99_r007,p10_g2_rho0.99_r008,p10_g2_rho0.99_r009,p10_g2_rho0.99_r010,p10_g2_rho0.99_r011,p10_g2_rho0.99_r012,p10_g2_rho0.99_r013,p10_g2_rho0.99_r014,p10_g2_rho0.99_r015,p10_g2_rho0.99_r016,p10_g2_rho0.99_r017,p10_g2_rho0.99_r018,p10_g2_rho0.99_r019"
across_budget,0.99,augmented_joint,full_support_kl,20,1.180610417975613,2.1559204273904857,0.9753100094148734,0.8941996158618868,1.05642040296786,0,0,20,,,,"p10_g2_rho0.99_r000,p10_g2_rho0.99_r001,p10_g2_rho0.99_r002,p10_g2_rho0.99_r003,p10_g2_rho0.99_r004,p10_g2_rho0.99_r005,p10_g2_rho0.99_r006,p10_g2_rho0.99_r007,p10_g2_rho0.99_r008,p10_g2_rho0.99_r009,p10_g2_rho0.99_r010,p10_g2_rho0.99_r011,p10_g2_rho0.99_r012,p10_g2_rho0.99_r013,p10_g2_rho0.99_r014,p10_g2_rho0.99_r015,p10_g2_rho0.99_r016,p10_g2_rho0.99_r017,p10_g2_rho0.99_r018,p10_g2_rho0.99_r019"
across_budget,0.99,augmented_joint,full_support_tv,20,0.6122073715561934,0.8515632588364548,0.23935588728026147,0.21229667777958458,0.26641509678093833,0,0,20,,,,"p10_g2_rho0.99_r000,p10_g2_rho0.99_r001,p10_g2_rho0.99_r002,p10_g2_rho0.99_r003,p10_g2_rho0.99_r004,p10_g2_rho0.99_r005,p10_g2_rho0.99_r006,p10_g2_rho0.99_r007,p10_g2_rho0.99_r008,p10_g2_rho0.99_r009,p10_g2_rho0.99_r010,p10_g2_rho0.99_r011,p10_g2_rho0.99_r012,p10_g2_rho0.99_r013,p10_g2_rho0.99_r014,p10_g2_rho0.99_r015,p10_g2_rho0.99_r016,p10_g2_rho0.99_r017,p10_g2_rho0.99_r018,p10_g2_rho0.99_r019"
across_budget,0.99,augmented_joint,conditional_kl,20,1.2120920726795545,0.3071944837612029,-0.9048975889183517,-0.990525600358778,-0.8192695774779254,20,0,0,0.00013274625758177597,3.357505654476922e-05,0,"p10_g2_rho0.99_r000,p10_g2_rho0.99_r001,p10_g2_rho0.99_r002,p10_g2_rho0.99_r003,p10_g2_rho0.99_r004,p10_g2_rho0.99_r005,p10_g2_rho0.99_r006,p10_g2_rho0.99_r007,p10_g2_rho0.99_r008,p10_g2_rho0.99_r009,p10_g2_rho0.99_r010,p10_g2_rho0.99_r011,p10_g2_rho0.99_r012,p10_g2_rho0.99_r013,p10_g2_rho0.99_r014,p10_g2_rho0.99_r015,p10_g2_rho0.99_r016,p10_g2_rho0.99_r017,p10_g2_rho0.99_r018,p10_g2_rho0.99_r019"
across_budget,0.99,augmented_joint,prediction_mse,20,0.08159482670560783,0.08166613269780112,7.13059921932894e-05,-0.002264328552256107,0.0024069405366426862,10,0,10,,,,"p10_g2_rho0.99_r000,p10_g2_rho0.99_r001,p10_g2_rho0.99_r002,p10_g2_rho0.99_r003,p10_g2_rho0.99_r004,p10_g2_rho0.99_r005,p10_g2_rho0.99_r006,p10_g2_rho0.99_r007,p10_g2_rho0.99_r008,p10_g2_rho0.99_r009,p10_g2_rho0.99_r010,p10_g2_rho0.99_r011,p10_g2_rho0.99_r012,p10_g2_rho0.99_r013,p10_g2_rho0.99_r014,p10_g2_rho0.99_r015,p10_g2_rho0.99_r016,p10_g2_rho0.99_r017,p10_g2_rho0.99_r018,p10_g2_rho0.99_r019"
across_budget,0.99,direct_frozen,posterior_kl,20,1.9028046993207017,1.9018202952963434,-0.0009844040243581099,-0.0017482947137435823,-0.0002205133349726374,8,12,0,1.8475702233872728e-05,8.463061169929894e-06,12,"p10_g2_rho0.99_r000,p10_g2_rho0.99_r001,p10_g2_rho0.99_r002,p10_g2_rho0.99_r003,p10_g2_rho0.99_r004,p10_g2_rho0.99_r005,p10_g2_rho0.99_r006,p10_g2_rho0.99_r007,p10_g2_rho0.99_r008,p10_g2_rho0.99_r009,p10_g2_rho0.99_r010,p10_g2_rho0.99_r011,p10_g2_rho0.99_r012,p10_g2_rho0.99_r013,p10_g2_rho0.99_r014,p10_g2_rho0.99_r015,p10_g2_rho0.99_r016,p10_g2_rho0.99_r017,p10_g2_rho0.99_r018,p10_g2_rho0.99_r019"
across_budget,0.99,direct_frozen,group_union_tv,20,0.6313372330917227,0.63086340728909,-0.0004738258026328046,-0.0008889102524670878,-5.8741352798521366e-05,6,12,2,,,,"p10_g2_rho0.99_r000,p10_g2_rho0.99_r001,p10_g2_rho0.99_r002,p10_g2_rho0.99_r003,p10_g2_rho0.99_r004,p10_g2_rho0.99_r005,p10_g2_rho0.99_r006,p10_g2_rho0.99_r007,p10_g2_rho0.99_r008,p10_g2_rho0.99_r009,p10_g2_rho0.99_r010,p10_g2_rho0.99_r011,p10_g2_rho0.99_r012,p10_g2_rho0.99_r013,p10_g2_rho0.99_r014,p10_g2_rho0.99_r015,p10_g2_rho0.99_r016,p10_g2_rho0.99_r017,p10_g2_rho0.99_r018,p10_g2_rho0.99_r019"
across_budget,0.99,direct_frozen,pip_mae,20,0.15440977977072465,0.15433504806621562,-7.473170450900402e-05,-0.0002053122631152784,5.584885409727035e-05,5,12,3,,,,"p10_g2_rho0.99_r000,p10_g2_rho0.99_r001,p10_g2_rho0.99_r002,p10_g2_rho0.99_r003,p10_g2_rho0.99_r004,p10_g2_rho0.99_r005,p10_g2_rho0.99_r006,p10_g2_rho0.99_r007,p10_g2_rho0.99_r008,p10_g2_rho0.99_r009,p10_g2_rho0.99_r010,p10_g2_rho0.99_r011,p10_g2_rho0.99_r012,p10_g2_rho0.99_r013,p10_g2_rho0.99_r014,p10_g2_rho0.99_r015,p10_g2_rho0.99_r016,p10_g2_rho0.99_r017,p10_g2_rho0.99_r018,p10_g2_rho0.99_r019"
across_budget,0.99,direct_frozen,group_pip_mae,20,0.25381393822871234,0.2536682037702599,-0.00014573445845242062,-0.000389350937486656,9.788202058181474e-05,5,12,3,,,,"p10_g2_rho0.99_r000,p10_g2_rho0.99_r001,p10_g2_rho0.99_r002,p10_g2_rho0.99_r003,p10_g2_rho0.99_r004,p10_g2_rho0.99_r005,p10_g2_rho0.99_r006,p10_g2_rho0.99_r007,p10_g2_rho0.99_r008,p10_g2_rho0.99_r009,p10_g2_rho0.99_r010,p10_g2_rho0.99_r011,p10_g2_rho0.99_r012,p10_g2_rho0.99_r013,p10_g2_rho0.99_r014,p10_g2_rho0.99_r015,p10_g2_rho0.99_r016,p10_g2_rho0.99_r017,p10_g2_rho0.99_r018,p10_g2_rho0.99_r019"
across_budget,0.99,direct_frozen,posterior_mean_error,20,0.3823365384183829,0.38227145122192274,-6.508719646013822e-05,-0.0007250314037018451,0.0005948570107815686,5,12,3,,,,"p10_g2_rho0.99_r000,p10_g2_rho0.99_r001,p10_g2_rho0.99_r002,p10_g2_rho0.99_r003,p10_g2_rho0.99_r004,p10_g2_rho0.99_r005,p10_g2_rho0.99_r006,p10_g2_rho0.99_r007,p10_g2_rho0.99_r008,p10_g2_rho0.99_r009,p10_g2_rho0.99_r010,p10_g2_rho0.99_r011,p10_g2_rho0.99_r012,p10_g2_rho0.99_r013,p10_g2_rho0.99_r014,p10_g2_rho0.99_r015,p10_g2_rho0.99_r016,p10_g2_rho0.99_r017,p10_g2_rho0.99_r018,p10_g2_rho0.99_r019"
across_budget,0.99,direct_frozen,covariance_error,20,0.5378825988622271,0.5378051517371581,-7.74471250690717e-05,-0.00016760310260975874,1.270885247161534e-05,6,12,2,,,,"p10_g2_rho0.99_r000,p10_g2_rho0.99_r001,p10_g2_rho0.99_r002,p10_g2_rho0.99_r003,p10_g2_rho0.99_r004,p10_g2_rho0.99_r005,p10_g2_rho0.99_r006,p10_g2_rho0.99_r007,p10_g2_rho0.99_r008,p10_g2_rho0.99_r009,p10_g2_rho0.99_r010,p10_g2_rho0.99_r011,p10_g2_rho0.99_r012,p10_g2_rho0.99_r013,p10_g2_rho0.99_r014,p10_g2_rho0.99_r015,p10_g2_rho0.99_r016,p10_g2_rho0.99_r017,p10_g2_rho0.99_r018,p10_g2_rho0.99_r019"
across_budget,0.99,direct_frozen,full_support_kl,20,1.2364997094495542,1.234502136556974,-0.0019975728925802406,-0.00386955375057394,-0.0001255920345865412,6,12,2,,,,"p10_g2_rho0.99_r000,p10_g2_rho0.99_r001,p10_g2_rho0.99_r002,p10_g2_rho0.99_r003,p10_g2_rho0.99_r004,p10_g2_rho0.99_r005,p10_g2_rho0.99_r006,p10_g2_rho0.99_r007,p10_g2_rho0.99_r008,p10_g2_rho0.99_r009,p10_g2_rho0.99_r010,p10_g2_rho0.99_r011,p10_g2_rho0.99_r012,p10_g2_rho0.99_r013,p10_g2_rho0.99_r014,p10_g2_rho0.99_r015,p10_g2_rho0.99_r016,p10_g2_rho0.99_r017,p10_g2_rho0.99_r018,p10_g2_rho0.99_r019"
across_budget,0.99,direct_frozen,full_support_tv,20,0.6336546901579727,0.6331912342865281,-0.00046345587144462906,-0.0008745386719979435,-5.237307089131461e-05,6,12,2,,,,"p10_g2_rho0.99_r000,p10_g2_rho0.99_r001,p10_g2_rho0.99_r002,p10_g2_rho0.99_r003,p10_g2_rho0.99_r004,p10_g2_rho0.99_r005,p10_g2_rho0.99_r006,p10_g2_rho0.99_r007,p10_g2_rho0.99_r008,p10_g2_rho0.99_r009,p10_g2_rho0.99_r010,p10_g2_rho0.99_r011,p10_g2_rho0.99_r012,p10_g2_rho0.99_r013,p10_g2_rho0.99_r014,p10_g2_rho0.99_r015,p10_g2_rho0.99_r016,p10_g2_rho0.99_r017,p10_g2_rho0.99_r018,p10_g2_rho0.99_r019"
across_budget,0.99,direct_frozen,conditional_kl,20,0.6663049898711475,0.6673181587393696,0.0010131688682221307,-0.0003353903417532629,0.0023617280781975244,3,12,5,1.8475702233872728e-05,8.463061169929894e-06,13,"p10_g2_rho0.99_r000,p10_g2_rho0.99_r001,p10_g2_rho0.99_r002,p10_g2_rho0.99_r003,p10_g2_rho0.99_r004,p10_g2_rho0.99_r005,p10_g2_rho0.99_r006,p10_g2_rho0.99_r007,p10_g2_rho0.99_r008,p10_g2_rho0.99_r009,p10_g2_rho0.99_r010,p10_g2_rho0.99_r011,p10_g2_rho0.99_r012,p10_g2_rho0.99_r013,p10_g2_rho0.99_r014,p10_g2_rho0.99_r015,p10_g2_rho0.99_r016,p10_g2_rho0.99_r017,p10_g2_rho0.99_r018,p10_g2_rho0.99_r019"
across_budget,0.99,direct_frozen,prediction_mse,20,0.07948063782763763,0.07956157785731569,8.094002967806557e-05,-0.000164691931353631,0.0003265719907097621,4,12,4,,,,"p10_g2_rho0.99_r000,p10_g2_rho0.99_r001,p10_g2_rho0.99_r002,p10_g2_rho0.99_r003,p10_g2_rho0.99_r004,p10_g2_rho0.99_r005,p10_g2_rho0.99_r006,p10_g2_rho0.99_r007,p10_g2_rho0.99_r008,p10_g2_rho0.99_r009,p10_g2_rho0.99_r010,p10_g2_rho0.99_r011,p10_g2_rho0.99_r012,p10_g2_rho0.99_r013,p10_g2_rho0.99_r014,p10_g2_rho0.99_r015,p10_g2_rho0.99_r016,p10_g2_rho0.99_r017,p10_g2_rho0.99_r018,p10_g2_rho0.99_r019"
across_budget,0.99,direct_stagewise,posterior_kl,20,1.9082063465861907,1.9068869251933698,-0.0013194213928207077,-0.0027352434637887835,9.640067814736786e-05,7,13,0,1.4217976448480335e-05,6.773567010301798e-06,13,"p10_g2_rho0.99_r000,p10_g2_rho0.99_r001,p10_g2_rho0.99_r002,p10_g2_rho0.99_r003,p10_g2_rho0.99_r004,p10_g2_rho0.99_r005,p10_g2_rho0.99_r006,p10_g2_rho0.99_r007,p10_g2_rho0.99_r008,p10_g2_rho0.99_r009,p10_g2_rho0.99_r010,p10_g2_rho0.99_r011,p10_g2_rho0.99_r012,p10_g2_rho0.99_r013,p10_g2_rho0.99_r014,p10_g2_rho0.99_r015,p10_g2_rho0.99_r016,p10_g2_rho0.99_r017,p10_g2_rho0.99_r018,p10_g2_rho0.99_r019"
across_budget,0.99,direct_stagewise,group_union_tv,20,0.6297900335104326,0.6297992666554257,9.233144993214815e-06,-0.00034866412997793694,0.0003671304199643665,2,13,5,,,,"p10_g2_rho0.99_r000,p10_g2_rho0.99_r001,p10_g2_rho0.99_r002,p10_g2_rho0.99_r003,p10_g2_rho0.99_r004,p10_g2_rho0.99_r005,p10_g2_rho0.99_r006,p10_g2_rho0.99_r007,p10_g2_rho0.99_r008,p10_g2_rho0.99_r009,p10_g2_rho0.99_r010,p10_g2_rho0.99_r011,p10_g2_rho0.99_r012,p10_g2_rho0.99_r013,p10_g2_rho0.99_r014,p10_g2_rho0.99_r015,p10_g2_rho0.99_r016,p10_g2_rho0.99_r017,p10_g2_rho0.99_r018,p10_g2_rho0.99_r019"
across_budget,0.99,direct_stagewise,pip_mae,20,0.15418671561084357,0.15409333586705115,-9.337974379241277e-05,-0.000447656380241595,0.0002608968926567695,5,13,2,,,,"p10_g2_rho0.99_r000,p10_g2_rho0.99_r001,p10_g2_rho0.99_r002,p10_g2_rho0.99_r003,p10_g2_rho0.99_r004,p10_g2_rho0.99_r005,p10_g2_rho0.99_r006,p10_g2_rho0.99_r007,p10_g2_rho0.99_r008,p10_g2_rho0.99_r009,p10_g2_rho0.99_r010,p10_g2_rho0.99_r011,p10_g2_rho0.99_r012,p10_g2_rho0.99_r013,p10_g2_rho0.99_r014,p10_g2_rho0.99_r015,p10_g2_rho0.99_r016,p10_g2_rho0.99_r017,p10_g2_rho0.99_r018,p10_g2_rho0.99_r019"
across_budget,0.99,direct_stagewise,group_pip_mae,20,0.2534230264576016,0.25329305039209976,-0.00012997606550188694,-0.0007083192519733584,0.00044836712096958447,5,13,2,,,,"p10_g2_rho0.99_r000,p10_g2_rho0.99_r001,p10_g2_rho0.99_r002,p10_g2_rho0.99_r003,p10_g2_rho0.99_r004,p10_g2_rho0.99_r005,p10_g2_rho0.99_r006,p10_g2_rho0.99_r007,p10_g2_rho0.99_r008,p10_g2_rho0.99_r009,p10_g2_rho0.99_r010,p10_g2_rho0.99_r011,p10_g2_rho0.99_r012,p10_g2_rho0.99_r013,p10_g2_rho0.99_r014,p10_g2_rho0.99_r015,p10_g2_rho0.99_r016,p10_g2_rho0.99_r017,p10_g2_rho0.99_r018,p10_g2_rho0.99_r019"
across_budget,0.99,direct_stagewise,posterior_mean_error,20,0.3854516588217351,0.3847508062398184,-0.0007008525819167139,-0.0015803513400477168,0.00017864617621428912,5,13,2,,,,"p10_g2_rho0.99_r000,p10_g2_rho0.99_r001,p10_g2_rho0.99_r002,p10_g2_rho0.99_r003,p10_g2_rho0.99_r004,p10_g2_rho0.99_r005,p10_g2_rho0.99_r006,p10_g2_rho0.99_r007,p10_g2_rho0.99_r008,p10_g2_rho0.99_r009,p10_g2_rho0.99_r010,p10_g2_rho0.99_r011,p10_g2_rho0.99_r012,p10_g2_rho0.99_r013,p10_g2_rho0.99_r014,p10_g2_rho0.99_r015,p10_g2_rho0.99_r016,p10_g2_rho0.99_r017,p10_g2_rho0.99_r018,p10_g2_rho0.99_r019"
across_budget,0.99,direct_stagewise,covariance_error,20,0.53716375501937,0.537081080555696,-8.267446367392906e-05,-0.0005499703019667218,0.00038462137461886374,5,13,2,,,,"p10_g2_rho0.99_r000,p10_g2_rho0.99_r001,p10_g2_rho0.99_r002,p10_g2_rho0.99_r003,p10_g2_rho0.99_r004,p10_g2_rho0.99_r005,p10_g2_rho0.99_r006,p10_g2_rho0.99_r007,p10_g2_rho0.99_r008,p10_g2_rho0.99_r009,p10_g2_rho0.99_r010,p10_g2_rho0.99_r011,p10_g2_rho0.99_r012,p10_g2_rho0.99_r013,p10_g2_rho0.99_r014,p10_g2_rho0.99_r015,p10_g2_rho0.99_r016,p10_g2_rho0.99_r017,p10_g2_rho0.99_r018,p10_g2_rho0.99_r019"
across_budget,0.99,direct_stagewise,full_support_kl,20,1.2274104731573314,1.226165175778469,-0.0012452973788621869,-0.004238348382335393,0.0017477536246110193,4,13,3,,,,"p10_g2_rho0.99_r000,p10_g2_rho0.99_r001,p10_g2_rho0.99_r002,p10_g2_rho0.99_r003,p10_g2_rho0.99_r004,p10_g2_rho0.99_r005,p10_g2_rho0.99_r006,p10_g2_rho0.99_r007,p10_g2_rho0.99_r008,p10_g2_rho0.99_r009,p10_g2_rho0.99_r010,p10_g2_rho0.99_r011,p10_g2_rho0.99_r012,p10_g2_rho0.99_r013,p10_g2_rho0.99_r014,p10_g2_rho0.99_r015,p10_g2_rho0.99_r016,p10_g2_rho0.99_r017,p10_g2_rho0.99_r018,p10_g2_rho0.99_r019"
across_budget,0.99,direct_stagewise,full_support_tv,20,0.6320831818531485,0.6320746178355907,-8.564017557810555e-06,-0.00035386690550855783,0.00033673887039293676,2,13,5,,,,"p10_g2_rho0.99_r000,p10_g2_rho0.99_r001,p10_g2_rho0.99_r002,p10_g2_rho0.99_r003,p10_g2_rho0.99_r004,p10_g2_rho0.99_r005,p10_g2_rho0.99_r006,p10_g2_rho0.99_r007,p10_g2_rho0.99_r008,p10_g2_rho0.99_r009,p10_g2_rho0.99_r010,p10_g2_rho0.99_r011,p10_g2_rho0.99_r012,p10_g2_rho0.99_r013,p10_g2_rho0.99_r014,p10_g2_rho0.99_r015,p10_g2_rho0.99_r016,p10_g2_rho0.99_r017,p10_g2_rho0.99_r018,p10_g2_rho0.99_r019"
across_budget,0.99,direct_stagewise,conditional_kl,20,0.6807958734288595,0.6807217494149009,-7.412401395852086e-05,-0.0019096784405368006,0.001761430412619759,4,13,3,1.4217976448480335e-05,6.773567010301798e-06,13,"p10_g2_rho0.99_r000,p10_g2_rho0.99_r001,p10_g2_rho0.99_r002,p10_g2_rho0.99_r003,p10_g2_rho0.99_r004,p10_g2_rho0.99_r005,p10_g2_rho0.99_r006,p10_g2_rho0.99_r007,p10_g2_rho0.99_r008,p10_g2_rho0.99_r009,p10_g2_rho0.99_r010,p10_g2_rho0.99_r011,p10_g2_rho0.99_r012,p10_g2_rho0.99_r013,p10_g2_rho0.99_r014,p10_g2_rho0.99_r015,p10_g2_rho0.99_r016,p10_g2_rho0.99_r017,p10_g2_rho0.99_r018,p10_g2_rho0.99_r019"
across_budget,0.99,direct_stagewise,prediction_mse,20,0.07956702377274567,0.07965084422485548,8.382045210980505e-05,-5.034571758195526e-05,0.00021798662180156535,2,13,5,,,,"p10_g2_rho0.99_r000,p10_g2_rho0.99_r001,p10_g2_rho0.99_r002,p10_g2_rho0.99_r003,p10_g2_rho0.99_r004,p10_g2_rho0.99_r005,p10_g2_rho0.99_r006,p10_g2_rho0.99_r007,p10_g2_rho0.99_r008,p10_g2_rho0.99_r009,p10_g2_rho0.99_r010,p10_g2_rho0.99_r011,p10_g2_rho0.99_r012,p10_g2_rho0.99_r013,p10_g2_rho0.99_r014,p10_g2_rho0.99_r015,p10_g2_rho0.99_r016,p10_g2_rho0.99_r017,p10_g2_rho0.99_r018,p10_g2_rho0.99_r019"
change_in_contrast,0.99,augmented_joint,posterior_kl,20,-0.5262757845089189,-0.6529993857003473,-0.1267236011914285,-0.2163616778127902,-0.03708552457006682,16,0,4,0.0001367115831685407,3.2909983902624264e-05,0,"p10_g2_rho0.99_r000,p10_g2_rho0.99_r001,p10_g2_rho0.99_r002,p10_g2_rho0.99_r003,p10_g2_rho0.99_r004,p10_g2_rho0.99_r005,p10_g2_rho0.99_r006,p10_g2_rho0.99_r007,p10_g2_rho0.99_r008,p10_g2_rho0.99_r009,p10_g2_rho0.99_r010,p10_g2_rho0.99_r011,p10_g2_rho0.99_r012,p10_g2_rho0.99_r013,p10_g2_rho0.99_r014,p10_g2_rho0.99_r015,p10_g2_rho0.99_r016,p10_g2_rho0.99_r017,p10_g2_rho0.99_r018,p10_g2_rho0.99_r019"
change_in_contrast,0.99,augmented_joint,group_union_tv,20,0.0202166817030767,-0.22460109873702513,-0.24481778044010186,-0.2704905663154535,-0.2191449945647502,20,0,0,,,,"p10_g2_rho0.99_r000,p10_g2_rho0.99_r001,p10_g2_rho0.99_r002,p10_g2_rho0.99_r003,p10_g2_rho0.99_r004,p10_g2_rho0.99_r005,p10_g2_rho0.99_r006,p10_g2_rho0.99_r007,p10_g2_rho0.99_r008,p10_g2_rho0.99_r009,p10_g2_rho0.99_r010,p10_g2_rho0.99_r011,p10_g2_rho0.99_r012,p10_g2_rho0.99_r013,p10_g2_rho0.99_r014,p10_g2_rho0.99_r015,p10_g2_rho0.99_r016,p10_g2_rho0.99_r017,p10_g2_rho0.99_r018,p10_g2_rho0.99_r019"
change_in_contrast,0.99,augmented_joint,pip_mae,20,-0.005786670337380097,-0.05231877762259394,-0.04653210728521384,-0.06056967005599363,-0.03249454451443405,19,0,1,,,,"p10_g2_rho0.99_r000,p10_g2_rho0.99_r001,p10_g2_rho0.99_r002,p10_g2_rho0.99_r003,p10_g2_rho0.99_r004,p10_g2_rho0.99_r005,p10_g2_rho0.99_r006,p10_g2_rho0.99_r007,p10_g2_rho0.99_r008,p10_g2_rho0.99_r009,p10_g2_rho0.99_r010,p10_g2_rho0.99_r011,p10_g2_rho0.99_r012,p10_g2_rho0.99_r013,p10_g2_rho0.99_r014,p10_g2_rho0.99_r015,p10_g2_rho0.99_r016,p10_g2_rho0.99_r017,p10_g2_rho0.99_r018,p10_g2_rho0.99_r019"
change_in_contrast,0.99,augmented_joint,group_pip_mae,20,-0.0021604907564003,-0.0661207550106808,-0.06396026425428053,-0.08714143759852838,-0.04077909091003268,18,0,2,,,,"p10_g2_rho0.99_r000,p10_g2_rho0.99_r001,p10_g2_rho0.99_r002,p10_g2_rho0.99_r003,p10_g2_rho0.99_r004,p10_g2_rho0.99_r005,p10_g2_rho0.99_r006,p10_g2_rho0.99_r007,p10_g2_rho0.99_r008,p10_g2_rho0.99_r009,p10_g2_rho0.99_r010,p10_g2_rho0.99_r011,p10_g2_rho0.99_r012,p10_g2_rho0.99_r013,p10_g2_rho0.99_r014,p10_g2_rho0.99_r015,p10_g2_rho0.99_r016,p10_g2_rho0.99_r017,p10_g2_rho0.99_r018,p10_g2_rho0.99_r019"
change_in_contrast,0.99,augmented_joint,posterior_mean_error,20,-0.027967204927032585,-0.0279841984656068,-1.699353857421565e-05,-0.035522318815317915,0.03548833173816949,10,0,10,,,,"p10_g2_rho0.99_r000,p10_g2_rho0.99_r001,p10_g2_rho0.99_r002,p10_g2_rho0.99_r003,p10_g2_rho0.99_r004,p10_g2_rho0.99_r005,p10_g2_rho0.99_r006,p10_g2_rho0.99_r007,p10_g2_rho0.99_r008,p10_g2_rho0.99_r009,p10_g2_rho0.99_r010,p10_g2_rho0.99_r011,p10_g2_rho0.99_r012,p10_g2_rho0.99_r013,p10_g2_rho0.99_r014,p10_g2_rho0.99_r015,p10_g2_rho0.99_r016,p10_g2_rho0.99_r017,p10_g2_rho0.99_r018,p10_g2_rho0.99_r019"
change_in_contrast,0.99,augmented_joint,covariance_error,20,-0.010773987492772766,-0.0130459328963445,-0.0022719454035717347,-0.01726972149911799,0.012725830691974518,10,0,10,,,,"p10_g2_rho0.99_r000,p10_g2_rho0.99_r001,p10_g2_rho0.99_r002,p10_g2_rho0.99_r003,p10_g2_rho0.99_r004,p10_g2_rho0.99_r005,p10_g2_rho0.99_r006,p10_g2_rho0.99_r007,p10_g2_rho0.99_r008,p10_g2_rho0.99_r009,p10_g2_rho0.99_r010,p10_g2_rho0.99_r011,p10_g2_rho0.99_r012,p10_g2_rho0.99_r013,p10_g2_rho0.99_r014,p10_g2_rho0.99_r015,p10_g2_rho0.99_r016,p10_g2_rho0.99_r017,p10_g2_rho0.99_r018,p10_g2_rho0.99_r019"
change_in_contrast,0.99,augmented_joint,full_support_kl,20,0.005917259427792959,-1.0118327553491642,-1.0177500147769571,-1.103210346807837,-0.9322896827460774,20,0,0,,,,"p10_g2_rho0.99_r000,p10_g2_rho0.99_r001,p10_g2_rho0.99_r002,p10_g2_rho0.99_r003,p10_g2_rho0.99_r004,p10_g2_rho0.99_r005,p10_g2_rho0.99_r006,p10_g2_rho0.99_r007,p10_g2_rho0.99_r008,p10_g2_rho0.99_r009,p10_g2_rho0.99_r010,p10_g2_rho0.99_r011,p10_g2_rho0.99_r012,p10_g2_rho0.99_r013,p10_g2_rho0.99_r014,p10_g2_rho0.99_r015,p10_g2_rho0.99_r016,p10_g2_rho0.99_r017,p10_g2_rho0.99_r018,p10_g2_rho0.99_r019"
change_in_contrast,0.99,augmented_joint,full_support_tv,20,0.017123836083697958,-0.23571262038734994,-0.2528364564710478,-0.2793769497002392,-0.2262959632418564,20,0,0,,,,"p10_g2_rho0.99_r000,p10_g2_rho0.99_r001,p10_g2_rho0.99_r002,p10_g2_rho0.99_r003,p10_g2_rho0.99_r004,p10_g2_rho0.99_r005,p10_g2_rho0.99_r006,p10_g2_rho0.99_r007,p10_g2_rho0.99_r008,p10_g2_rho0.99_r009,p10_g2_rho0.99_r010,p10_g2_rho0.99_r011,p10_g2_rho0.99_r012,p10_g2_rho0.99_r013,p10_g2_rho0.99_r014,p10_g2_rho0.99_r015,p10_g2_rho0.99_r016,p10_g2_rho0.99_r017,p10_g2_rho0.99_r018,p10_g2_rho0.99_r019"
change_in_contrast,0.99,augmented_joint,conditional_kl,20,-0.532193043936712,0.3588333696488168,0.8910264135855286,0.8029492943084137,0.9791035328626435,0,0,20,0.0001367115831685407,3.2909983902624264e-05,0,"p10_g2_rho0.99_r000,p10_g2_rho0.99_r001,p10_g2_rho0.99_r002,p10_g2_rho0.99_r003,p10_g2_rho0.99_r004,p10_g2_rho0.99_r005,p10_g2_rho0.99_r006,p10_g2_rho0.99_r007,p10_g2_rho0.99_r008,p10_g2_rho0.99_r009,p10_g2_rho0.99_r010,p10_g2_rho0.99_r011,p10_g2_rho0.99_r012,p10_g2_rho0.99_r013,p10_g2_rho0.99_r014,p10_g2_rho0.99_r015,p10_g2_rho0.99_r016,p10_g2_rho0.99_r017,p10_g2_rho0.99_r018,p10_g2_rho0.99_r019"
change_in_contrast,0.99,augmented_joint,prediction_mse,20,-0.0024058997412646855,-0.00242847879851144,-2.257905724675517e-05,-0.0021782442199832514,0.0021330861054897413,11,0,9,,,,"p10_g2_rho0.99_r000,p10_g2_rho0.99_r001,p10_g2_rho0.99_r002,p10_g2_rho0.99_r003,p10_g2_rho0.99_r004,p10_g2_rho0.99_r005,p10_g2_rho0.99_r006,p10_g2_rho0.99_r007,p10_g2_rho0.99_r008,p10_g2_rho0.99_r009,p10_g2_rho0.99_r010,p10_g2_rho0.99_r011,p10_g2_rho0.99_r012,p10_g2_rho0.99_r013,p10_g2_rho0.99_r014,p10_g2_rho0.99_r015,p10_g2_rho0.99_r016,p10_g2_rho0.99_r017,p10_g2_rho0.99_r018,p10_g2_rho0.99_r019"
change_in_contrast,0.99,direct_frozen,posterior_kl,20,-0.03637799317445314,-0.09170476984500171,-0.05532677667054857,-0.10058791690624672,-0.010065636434850422,19,1,0,7.202884392494938e-05,2.0394490894014218e-05,1,"p10_g2_rho0.99_r000,p10_g2_rho0.99_r001,p10_g2_rho0.99_r002,p10_g2_rho0.99_r003,p10_g2_rho0.99_r004,p10_g2_rho0.99_r005,p10_g2_rho0.99_r006,p10_g2_rho0.99_r007,p10_g2_rho0.99_r008,p10_g2_rho0.99_r009,p10_g2_rho0.99_r010,p10_g2_rho0.99_r011,p10_g2_rho0.99_r012,p10_g2_rho0.99_r013,p10_g2_rho0.99_r014,p10_g2_rho0.99_r015,p10_g2_rho0.99_r016,p10_g2_rho0.99_r017,p10_g2_rho0.99_r018,p10_g2_rho0.99_r019"
change_in_contrast,0.99,direct_frozen,group_union_tv,20,-0.004517809274567436,-0.017586877653385798,-0.01306906837881836,-0.02505333949566252,-0.0010847972619741995,16,1,3,,,,"p10_g2_rho0.99_r000,p10_g2_rho0.99_r001,p10_g2_rho0.99_r002,p10_g2_rho0.99_r003,p10_g2_rho0.99_r004,p10_g2_rho0.99_r005,p10_g2_rho0.99_r006,p10_g2_rho0.99_r007,p10_g2_rho0.99_r008,p10_g2_rho0.99_r009,p10_g2_rho0.99_r010,p10_g2_rho0.99_r011,p10_g2_rho0.99_r012,p10_g2_rho0.99_r013,p10_g2_rho0.99_r014,p10_g2_rho0.99_r015,p10_g2_rho0.99_r016,p10_g2_rho0.99_r017,p10_g2_rho0.99_r018,p10_g2_rho0.99_r019"
change_in_contrast,0.99,direct_frozen,pip_mae,20,-0.0019859404935729575,-0.005784812068799268,-0.0037988715752263107,-0.007700115917252435,0.00010237276679981363,12,1,7,,,,"p10_g2_rho0.99_r000,p10_g2_rho0.99_r001,p10_g2_rho0.99_r002,p10_g2_rho0.99_r003,p10_g2_rho0.99_r004,p10_g2_rho0.99_r005,p10_g2_rho0.99_r006,p10_g2_rho0.99_r007,p10_g2_rho0.99_r008,p10_g2_rho0.99_r009,p10_g2_rho0.99_r010,p10_g2_rho0.99_r011,p10_g2_rho0.99_r012,p10_g2_rho0.99_r013,p10_g2_rho0.99_r014,p10_g2_rho0.99_r015,p10_g2_rho0.99_r016,p10_g2_rho0.99_r017,p10_g2_rho0.99_r018,p10_g2_rho0.99_r019"
change_in_contrast,0.99,direct_frozen,group_pip_mae,20,-0.0036254106675667045,-0.009408240145497699,-0.005782829477930995,-0.012246465753747295,0.0006808067978853064,11,1,8,,,,"p10_g2_rho0.99_r000,p10_g2_rho0.99_r001,p10_g2_rho0.99_r002,p10_g2_rho0.99_r003,p10_g2_rho0.99_r004,p10_g2_rho0.99_r005,p10_g2_rho0.99_r006,p10_g2_rho0.99_r007,p10_g2_rho0.99_r008,p10_g2_rho0.99_r009,p10_g2_rho0.99_r010,p10_g2_rho0.99_r011,p10_g2_rho0.99_r012,p10_g2_rho0.99_r013,p10_g2_rho0.99_r014,p10_g2_rho0.99_r015,p10_g2_rho0.99_r016,p10_g2_rho0.99_r017,p10_g2_rho0.99_r018,p10_g2_rho0.99_r019"
change_in_contrast,0.99,direct_frozen,posterior_mean_error,20,0.0011390990071709136,-0.007087282779131331,-0.008226381786302243,-0.017892298269474888,0.001439534696870401,12,1,7,,,,"p10_g2_rho0.99_r000,p10_g2_rho0.99_r001,p10_g2_rho0.99_r002,p10_g2_rho0.99_r003,p10_g2_rho0.99_r004,p10_g2_rho0.99_r005,p10_g2_rho0.99_r006,p10_g2_rho0.99_r007,p10_g2_rho0.99_r008,p10_g2_rho0.99_r009,p10_g2_rho0.99_r010,p10_g2_rho0.99_r011,p10_g2_rho0.99_r012,p10_g2_rho0.99_r013,p10_g2_rho0.99_r014,p10_g2_rho0.99_r015,p10_g2_rho0.99_r016,p10_g2_rho0.99_r017,p10_g2_rho0.99_r018,p10_g2_rho0.99_r019"
change_in_contrast,0.99,direct_frozen,covariance_error,20,-0.00593912294502463,-0.011095808572846515,-0.005156685627821886,-0.011504754344754783,0.00119138308911101,12,1,7,,,,"p10_g2_rho0.99_r000,p10_g2_rho0.99_r001,p10_g2_rho0.99_r002,p10_g2_rho0.99_r003,p10_g2_rho0.99_r004,p10_g2_rho0.99_r005,p10_g2_rho0.99_r006,p10_g2_rho0.99_r007,p10_g2_rho0.99_r008,p10_g2_rho0.99_r009,p10_g2_rho0.99_r010,p10_g2_rho0.99_r011,p10_g2_rho0.99_r012,p10_g2_rho0.99_r013,p10_g2_rho0.99_r014,p10_g2_rho0.99_r015,p10_g2_rho0.99_r016,p10_g2_rho0.99_r017,p10_g2_rho0.99_r018,p10_g2_rho0.99_r019"
change_in_contrast,0.99,direct_frozen,full_support_kl,20,-0.04997203204614832,-0.09041446451565176,-0.04044243246950343,-0.07667405306122763,-0.004210811877779226,15,1,4,,,,"p10_g2_rho0.99_r000,p10_g2_rho0.99_r001,p10_g2_rho0.99_r002,p10_g2_rho0.99_r003,p10_g2_rho0.99_r004,p10_g2_rho0.99_r005,p10_g2_rho0.99_r006,p10_g2_rho0.99_r007,p10_g2_rho0.99_r008,p10_g2_rho0.99_r009,p10_g2_rho0.99_r010,p10_g2_rho0.99_r011,p10_g2_rho0.99_r012,p10_g2_rho0.99_r013,p10_g2_rho0.99_r014,p10_g2_rho0.99_r015,p10_g2_rho0.99_r016,p10_g2_rho0.99_r017,p10_g2_rho0.99_r018,p10_g2_rho0.99_r019"
change_in_contrast,0.99,direct_frozen,full_support_tv,20,-0.00432348251808129,-0.017340595837423055,-0.013017113319341767,-0.02488377828931468,-0.0011504483493688551,16,1,3,,,,"p10_g2_rho0.99_r000,p10_g2_rho0.99_r001,p10_g2_rho0.99_r002,p10_g2_rho0.99_r003,p10_g2_rho0.99_r004,p10_g2_rho0.99_r005,p10_g2_rho0.99_r006,p10_g2_rho0.99_r007,p10_g2_rho0.99_r008,p10_g2_rho0.99_r009,p10_g2_rho0.99_r010,p10_g2_rho0.99_r011,p10_g2_rho0.99_r012,p10_g2_rho0.99_r013,p10_g2_rho0.99_r014,p10_g2_rho0.99_r015,p10_g2_rho0.99_r016,p10_g2_rho0.99_r017,p10_g2_rho0.99_r018,p10_g2_rho0.99_r019"
change_in_contrast,0.99,direct_frozen,conditional_kl,20,0.01359403887169518,-0.0012903053293499612,-0.014884344201045141,-0.02652450324228704,-0.0032441851598032437,15,1,4,7.202884392494938e-05,2.0394490894014218e-05,1,"p10_g2_rho0.99_r000,p10_g2_rho0.99_r001,p10_g2_rho0.99_r002,p10_g2_rho0.99_r003,p10_g2_rho0.99_r004,p10_g2_rho0.99_r005,p10_g2_rho0.99_r006,p10_g2_rho0.99_r007,p10_g2_rho0.99_r008,p10_g2_rho0.99_r009,p10_g2_rho0.99_r010,p10_g2_rho0.99_r011,p10_g2_rho0.99_r012,p10_g2_rho0.99_r013,p10_g2_rho0.99_r014,p10_g2_rho0.99_r015,p10_g2_rho0.99_r016,p10_g2_rho0.99_r017,p10_g2_rho0.99_r018,p10_g2_rho0.99_r019"
change_in_contrast,0.99,direct_frozen,prediction_mse,20,-0.0002917108632944692,-0.00032392395802600054,-3.221309473153133e-05,-0.0005783614154751533,0.0005139352260120906,10,1,9,,,,"p10_g2_rho0.99_r000,p10_g2_rho0.99_r001,p10_g2_rho0.99_r002,p10_g2_rho0.99_r003,p10_g2_rho0.99_r004,p10_g2_rho0.99_r005,p10_g2_rho0.99_r006,p10_g2_rho0.99_r007,p10_g2_rho0.99_r008,p10_g2_rho0.99_r009,p10_g2_rho0.99_r010,p10_g2_rho0.99_r011,p10_g2_rho0.99_r012,p10_g2_rho0.99_r013,p10_g2_rho0.99_r014,p10_g2_rho0.99_r015,p10_g2_rho0.99_r016,p10_g2_rho0.99_r017,p10_g2_rho0.99_r018,p10_g2_rho0.99_r019"
change_in_contrast,0.99,direct_stagewise,posterior_kl,20,-0.04177964043994233,-0.09677139974202831,-0.054991759302085975,-0.10027770019869778,-0.009705818405474173,19,1,0,6.162104134532263e-05,1.6085066802230268e-05,1,"p10_g2_rho0.99_r000,p10_g2_rho0.99_r001,p10_g2_rho0.99_r002,p10_g2_rho0.99_r003,p10_g2_rho0.99_r004,p10_g2_rho0.99_r005,p10_g2_rho0.99_r006,p10_g2_rho0.99_r007,p10_g2_rho0.99_r008,p10_g2_rho0.99_r009,p10_g2_rho0.99_r010,p10_g2_rho0.99_r011,p10_g2_rho0.99_r012,p10_g2_rho0.99_r013,p10_g2_rho0.99_r014,p10_g2_rho0.99_r015,p10_g2_rho0.99_r016,p10_g2_rho0.99_r017,p10_g2_rho0.99_r018,p10_g2_rho0.99_r019"
change_in_contrast,0.99,direct_stagewise,group_union_tv,20,-0.0029706096932774206,-0.0165227370197218,-0.013552127326444379,-0.025463975343913495,-0.0016402793089752652,16,1,3,,,,"p10_g2_rho0.99_r000,p10_g2_rho0.99_r001,p10_g2_rho0.99_r002,p10_g2_rho0.99_r003,p10_g2_rho0.99_r004,p10_g2_rho0.99_r005,p10_g2_rho0.99_r006,p10_g2_rho0.99_r007,p10_g2_rho0.99_r008,p10_g2_rho0.99_r009,p10_g2_rho0.99_r010,p10_g2_rho0.99_r011,p10_g2_rho0.99_r012,p10_g2_rho0.99_r013,p10_g2_rho0.99_r014,p10_g2_rho0.99_r015,p10_g2_rho0.99_r016,p10_g2_rho0.99_r017,p10_g2_rho0.99_r018,p10_g2_rho0.99_r019"
change_in_contrast,0.99,direct_stagewise,pip_mae,20,-0.0017628763336918888,-0.0055430998696347905,-0.0037802235359429017,-0.007686670803002055,0.00012622373111625214,12,1,7,,,,"p10_g2_rho0.99_r000,p10_g2_rho0.99_r001,p10_g2_rho0.99_r002,p10_g2_rho0.99_r003,p10_g2_rho0.99_r004,p10_g2_rho0.99_r005,p10_g2_rho0.99_r006,p10_g2_rho0.99_r007,p10_g2_rho0.99_r008,p10_g2_rho0.99_r009,p10_g2_rho0.99_r010,p10_g2_rho0.99_r011,p10_g2_rho0.99_r012,p10_g2_rho0.99_r013,p10_g2_rho0.99_r014,p10_g2_rho0.99_r015,p10_g2_rho0.99_r016,p10_g2_rho0.99_r017,p10_g2_rho0.99_r018,p10_g2_rho0.99_r019"
change_in_contrast,0.99,direct_stagewise,group_pip_mae,20,-0.003234498896455951,-0.00903308676733748,-0.005798587870881529,-0.012262287063975705,0.0006651113222126467,12,1,7,,,,"p10_g2_rho0.99_r000,p10_g2_rho0.99_r001,p10_g2_rho0.99_r002,p10_g2_rho0.99_r003,p10_g2_rho0.99_r004,p10_g2_rho0.99_r005,p10_g2_rho0.99_r006,p10_g2_rho0.99_r007,p10_g2_rho0.99_r008,p10_g2_rho0.99_r009,p10_g2_rho0.99_r010,p10_g2_rho0.99_r011,p10_g2_rho0.99_r012,p10_g2_rho0.99_r013,p10_g2_rho0.99_r014,p10_g2_rho0.99_r015,p10_g2_rho0.99_r016,p10_g2_rho0.99_r017,p10_g2_rho0.99_r018,p10_g2_rho0.99_r019"
change_in_contrast,0.99,direct_stagewise,posterior_mean_error,20,-0.0019760213961813764,-0.009566637797027044,-0.007590616400845668,-0.01741139006066455,0.0022301572589732135,11,1,8,,,,"p10_g2_rho0.99_r000,p10_g2_rho0.99_r001,p10_g2_rho0.99_r002,p10_g2_rho0.99_r003,p10_g2_rho0.99_r004,p10_g2_rho0.99_r005,p10_g2_rho0.99_r006,p10_g2_rho0.99_r007,p10_g2_rho0.99_r008,p10_g2_rho0.99_r009,p10_g2_rho0.99_r010,p10_g2_rho0.99_r011,p10_g2_rho0.99_r012,p10_g2_rho0.99_r013,p10_g2_rho0.99_r014,p10_g2_rho0.99_r015,p10_g2_rho0.99_r016,p10_g2_rho0.99_r017,p10_g2_rho0.99_r018,p10_g2_rho0.99_r019"
change_in_contrast,0.99,direct_stagewise,covariance_error,20,-0.005220279102167514,-0.010371737391384542,-0.005151458289217028,-0.011541679256458099,0.0012387626780240423,12,1,7,,,,"p10_g2_rho0.99_r000,p10_g2_rho0.99_r001,p10_g2_rho0.99_r002,p10_g2_rho0.99_r003,p10_g2_rho0.99_r004,p10_g2_rho0.99_r005,p10_g2_rho0.99_r006,p10_g2_rho0.99_r007,p10_g2_rho0.99_r008,p10_g2_rho0.99_r009,p10_g2_rho0.99_r010,p10_g2_rho0.99_r011,p10_g2_rho0.99_r012,p10_g2_rho0.99_r013,p10_g2_rho0.99_r014,p10_g2_rho0.99_r015,p10_g2_rho0.99_r016,p10_g2_rho0.99_r017,p10_g2_rho0.99_r018,p10_g2_rho0.99_r019"
change_in_contrast,0.99,direct_stagewise,full_support_kl,20,-0.04088279575392549,-0.08207750373714698,-0.04119470798322149,-0.07753370670517337,-0.004855709261269603,16,1,3,,,,"p10_g2_rho0.99_r000,p10_g2_rho0.99_r001,p10_g2_rho0.99_r002,p10_g2_rho0.99_r003,p10_g2_rho0.99_r004,p10_g2_rho0.99_r005,p10_g2_rho0.99_r006,p10_g2_rho0.99_r007,p10_g2_rho0.99_r008,p10_g2_rho0.99_r009,p10_g2_rho0.99_r010,p10_g2_rho0.99_r011,p10_g2_rho0.99_r012,p10_g2_rho0.99_r013,p10_g2_rho0.99_r014,p10_g2_rho0.99_r015,p10_g2_rho0.99_r016,p10_g2_rho0.99_r017,p10_g2_rho0.99_r018,p10_g2_rho0.99_r019"
change_in_contrast,0.99,direct_stagewise,full_support_tv,20,-0.0027519742132571688,-0.016223979386485753,-0.013472005173228585,-0.02526704338272927,-0.001676966963727898,16,1,3,,,,"p10_g2_rho0.99_r000,p10_g2_rho0.99_r001,p10_g2_rho0.99_r002,p10_g2_rho0.99_r003,p10_g2_rho0.99_r004,p10_g2_rho0.99_r005,p10_g2_rho0.99_r006,p10_g2_rho0.99_r007,p10_g2_rho0.99_r008,p10_g2_rho0.99_r009,p10_g2_rho0.99_r010,p10_g2_rho0.99_r011,p10_g2_rho0.99_r012,p10_g2_rho0.99_r013,p10_g2_rho0.99_r014,p10_g2_rho0.99_r015,p10_g2_rho0.99_r016,p10_g2_rho0.99_r017,p10_g2_rho0.99_r018,p10_g2_rho0.99_r019"
change_in_contrast,0.99,direct_stagewise,conditional_kl,20,-0.00089684468601684,-0.01469389600488133,-0.01379705131886449,-0.02557029118437009,-0.0020238114533588907,16,1,3,6.162104134532263e-05,1.6085066802230268e-05,1,"p10_g2_rho0.99_r000,p10_g2_rho0.99_r001,p10_g2_rho0.99_r002,p10_g2_rho0.99_r003,p10_g2_rho0.99_r004,p10_g2_rho0.99_r005,p10_g2_rho0.99_r006,p10_g2_rho0.99_r007,p10_g2_rho0.99_r008,p10_g2_rho0.99_r009,p10_g2_rho0.99_r010,p10_g2_rho0.99_r011,p10_g2_rho0.99_r012,p10_g2_rho0.99_r013,p10_g2_rho0.99_r014,p10_g2_rho0.99_r015,p10_g2_rho0.99_r016,p10_g2_rho0.99_r017,p10_g2_rho0.99_r018,p10_g2_rho0.99_r019"
change_in_contrast,0.99,direct_stagewise,prediction_mse,20,-0.0003780968084025174,-0.0004131903255657882,-3.509351716327082e-05,-0.0006020405515031497,0.0005318535171766081,12,1,7,,,,"p10_g2_rho0.99_r000,p10_g2_rho0.99_r001,p10_g2_rho0.99_r002,p10_g2_rho0.99_r003,p10_g2_rho0.99_r004,p10_g2_rho0.99_r005,p10_g2_rho0.99_r006,p10_g2_rho0.99_r007,p10_g2_rho0.99_r008,p10_g2_rho0.99_r009,p10_g2_rho0.99_r010,p10_g2_rho0.99_r011,p10_g2_rho0.99_r012,p10_g2_rho0.99_r013,p10_g2_rho0.99_r014,p10_g2_rho0.99_r015,p10_g2_rho0.99_r016,p10_g2_rho0.99_r017,p10_g2_rho0.99_r018,p10_g2_rho0.99_r019"
