rho,dataset,method,support_kl,conditional_kl_estimate,components,stop,evaluation_mcse_vs_baseline,posterior_kl,group_union_tv,pip_mae,covariance_error,prediction_mse
0.7,p10_g2_rho0.7_r000,baseline,0.23031897311234845,0.4757963037923983,1,baseline,0.0,0.7061152769047467,0.28431489460227155,0.05760171055709211,0.05728333985557756,0.021868176356253512
0.7,p10_g2_rho0.7_r000,original,0.07464423640217407,0.20419209769728522,10,component_cap,5.338634921279757e-05,0.2788363340994593,0.13549713940824631,0.027841013834892403,0.03614674668391457,0.027006288245374207
0.7,p10_g2_rho0.7_r000,frozen_refinement,0.13676411124351626,0.2901367908088719,10,component_cap,0.00026646351430195247,0.4269009020523882,0.17978990213599952,0.041185284512116935,0.04594616143744691,0.025503792568102448
0.7,p10_g2_rho0.7_r000,stagewise_boosting,0.09168679867454842,0.370984309727294,8,time_limit,0.0006009122439574446,0.46267110840184245,0.1367192768498979,0.03422433587585007,0.03546614934462076,0.02552834727665806
0.7,p10_g2_rho0.7_r001,baseline,0.046995868434830806,0.2705927761438536,1,baseline,0.0,0.3175886445786844,0.1276090145451904,0.021737263609318554,0.019847493017332733,0.04820546560736115
0.7,p10_g2_rho0.7_r001,original,0.012166467447042884,0.08928239256196466,10,component_cap,0.00012421128327466397,0.10144886000900755,0.0377547503659043,0.007785571472952979,0.0067532163065762724,0.04729570592358581
0.7,p10_g2_rho0.7_r001,frozen_refinement,0.03533613277541717,0.17127055495648877,9,time_limit,3.136928683888317e-05,0.20660668773190594,0.10476127562688338,0.018579654512726706,0.014220476177415505,0.046626397215057985
0.7,p10_g2_rho0.7_r001,stagewise_boosting,0.03024118592036156,0.1926734592146943,8,time_limit,0.0001567085856559781,0.22291464513505588,0.08084955862791095,0.017920083596343013,0.0125778200462242,0.0481033906345622
0.7,p10_g2_rho0.7_r002,baseline,0.17607779539158983,0.559674910374698,1,baseline,0.0,0.7357527057662878,0.24651940272717776,0.04494809862935441,0.06233022487753573,0.05076210158098912
0.7,p10_g2_rho0.7_r002,original,0.047773200726628676,0.17174527462256856,10,component_cap,0.00017091255617860193,0.21951847534919722,0.08948057437453365,0.017382292924844646,0.027682899797395175,0.0537204539837791
0.7,p10_g2_rho0.7_r002,frozen_refinement,0.07860432267365158,0.29384638218506265,10,component_cap,0.00012213193367484595,0.37245070485871423,0.14081430364257463,0.027378864659952835,0.0443599476393834,0.05082226063253246
0.7,p10_g2_rho0.7_r002,stagewise_boosting,0.05434168639926087,0.33927669608741795,8,time_limit,0.00027480576474822653,0.3936183824866788,0.10545394666479255,0.025031555613403894,0.03246829400309273,0.049638263827633824
0.7,p10_g2_rho0.7_r003,baseline,0.4714961726540118,0.9430988986270229,1,baseline,0.0,1.4145950712810347,0.40480666394164205,0.062140465380093754,0.1064501345664883,0.11742637204931881
0.7,p10_g2_rho0.7_r003,original,0.042984948456515265,0.28337662629736693,10,component_cap,0.00013693736879850593,0.32636157475388217,0.11459587976561675,0.023477612555802628,0.02321080306615319,0.10751164112328246
0.7,p10_g2_rho0.7_r003,frozen_refinement,0.15581957842520172,0.3791060242875663,10,component_cap,2.590476185717331e-05,0.534925602712768,0.2381092534969262,0.04514236284092786,0.04393755107855113,0.1114672415709537
0.7,p10_g2_rho0.7_r003,stagewise_boosting,0.11950504746622548,0.41788678258615997,6,no_supported_proposal,0.00016177723165929395,0.5373918300523854,0.18261845623065287,0.03547262904715727,0.03163035770113694,0.10487144123233802
0.7,p10_g2_rho0.7_r004,baseline,0.03556342987878636,0.22154412976725824,1,baseline,0.0,0.2571075596460446,0.1144132542579695,0.01878518723920214,0.014678965096662744,0.1324516916450286
0.7,p10_g2_rho0.7_r004,original,0.0055387854302550435,0.08502851086711744,10,component_cap,0.00010019795303940196,0.09056729629737248,0.03211163980350937,0.006544977954965668,0.0045983929241879195,0.13359362070137976
0.7,p10_g2_rho0.7_r004,frozen_refinement,0.024685813285741317,0.1392142789426471,9,time_limit,6.874244844525676e-05,0.16390009222838842,0.09703838702793119,0.015992708970668137,0.010493309403102297,0.13330427905638492
0.7,p10_g2_rho0.7_r004,stagewise_boosting,0.03556342987878636,0.22154412976725824,1,no_supported_proposal,0.0,0.2571075596460446,0.1144132542579695,0.01878518723920214,0.014678965096662744,0.1324516916450286
0.7,p10_g2_rho0.7_r005,baseline,0.04639542325106033,0.2731861599115844,1,baseline,0.0,0.31958158316264473,0.12051219127524754,0.021055979787404366,0.018808558631134127,0.15084693433240634
0.7,p10_g2_rho0.7_r005,original,0.019714660650764916,0.09165146247664588,10,component_cap,0.00013407594511812763,0.11136612312741079,0.050579222002732245,0.010589063198602809,0.009003300601181869,0.15249565643135568
0.7,p10_g2_rho0.7_r005,frozen_refinement,0.03332359402258556,0.15621168024282417,10,component_cap,0.0001109688560142509,0.18953527426540973,0.09369821990340764,0.016754511795244557,0.013667640645997039,0.1525825399911597
0.7,p10_g2_rho0.7_r005,stagewise_boosting,0.03298252434251233,0.18026653670924978,7,time_limit,0.00010194192450006117,0.2132490610517621,0.09194868698684824,0.018102201568869873,0.012763464595252044,0.14940919230300884
0.7,p10_g2_rho0.7_r006,baseline,0.12548895157236203,0.3205016690627245,1,baseline,0.0,0.44599062063508654,0.19320535101900704,0.037358814124046034,0.04203377582738382,0.052960948080559976
0.7,p10_g2_rho0.7_r006,original,0.05912598753279715,0.1133664658043663,10,component_cap,7.140792505645178e-05,0.17249245333716345,0.08600229748626015,0.01892736992769698,0.026960006553204012,0.05459657610731813
0.7,p10_g2_rho0.7_r006,frozen_refinement,0.08024415798484272,0.170483764465758,9,time_limit,8.849421880980113e-05,0.2507279224506007,0.12799323025377832,0.027238238242184343,0.03288928181494006,0.05337676053077541
0.7,p10_g2_rho0.7_r006,stagewise_boosting,0.06788676848332595,0.20240633526737686,8,time_limit,0.00027890818141090276,0.2702931037507028,0.12508137734264416,0.029174441221905333,0.025642478236945654,0.054863122978663324
0.7,p10_g2_rho0.7_r007,baseline,0.04034362056821818,0.2270858162061815,1,baseline,0.0,0.2674294367743997,0.12460144999192282,0.019344523473109304,0.01494432661218407,0.06214243599866747
0.7,p10_g2_rho0.7_r007,original,0.004447316336335418,0.08670711660493804,10,component_cap,7.072800673530519e-05,0.09115443294127346,0.026047808029171504,0.004738745481658977,0.004799512451647434,0.062390718286955534
0.7,p10_g2_rho0.7_r007,frozen_refinement,0.024112457805537092,0.1488728921018768,9,time_limit,0.00011365899604541518,0.17298534990741388,0.09461765342134612,0.015431060321766749,0.01147958947724057,0.0623371435626053
0.7,p10_g2_rho0.7_r007,stagewise_boosting,0.04034362056821818,0.2270858162061815,1,no_supported_proposal,0.0,0.2674294367743997,0.12460144999192282,0.019344523473109304,0.01494432661218407,0.06214243599866747
0.7,p10_g2_rho0.7_r008,baseline,0.10399993896990715,0.3131198552038716,1,baseline,0.0,0.41711979417377876,0.1612268705132384,0.033507589574971075,0.036169940756874956,0.1450297288330691
0.7,p10_g2_rho0.7_r008,original,0.05935875694664972,0.12381746756978018,10,component_cap,6.861692418878786e-05,0.1831762245164299,0.09683143324372157,0.021331878683415902,0.02088872201783462,0.14540672188637882
0.7,p10_g2_rho0.7_r008,frozen_refinement,0.06862993373144961,0.16907441737526469,10,component_cap,0.00012227521193949132,0.23770435110671428,0.10201323045171101,0.02364140592312162,0.024404909246124266,0.15148360531439956
0.7,p10_g2_rho0.7_r008,stagewise_boosting,0.0790531458971074,0.18898735780781667,7,time_limit,0.0001865873098307967,0.26804050370492405,0.13687840721296873,0.02915857083677644,0.02599475185451202,0.1493686878348915
0.7,p10_g2_rho0.7_r009,baseline,0.15342676322730833,0.5369398466000137,1,baseline,0.0,0.690366609827322,0.22781190722899566,0.0427274715612566,0.054954370478454,0.008383192504243752
0.7,p10_g2_rho0.7_r009,original,0.05560233821903538,0.16122966302705422,10,component_cap,7.608933273036759e-05,0.2168320012460896,0.10610139236288066,0.02071102760049899,0.02023484851582015,0.013655261328468588
0.7,p10_g2_rho0.7_r009,frozen_refinement,0.06272938986396868,0.2419408903389444,10,component_cap,6.451136384732428e-05,0.3046702802029131,0.12268965622899844,0.02399587921521899,0.027237003730825934,0.013208720110486821
0.7,p10_g2_rho0.7_r009,stagewise_boosting,0.06785808469213461,0.25578762784846165,7,time_limit,0.00020651454045563446,0.32364571254059626,0.13616947392385292,0.03060553705338761,0.020754698664107066,0.013034115126706712
0.7,p10_g2_rho0.7_r010,baseline,0.07240639447518897,0.29617779523581195,1,baseline,0.0,0.36858418971100093,0.1639759598812428,0.027947294488642645,0.025492683049344413,0.04980036972244768
0.7,p10_g2_rho0.7_r010,original,0.011744094205897157,0.13244859406404197,10,component_cap,0.00014098226103298041,0.14419268826993914,0.053199632235267934,0.00937635503068916,0.009714210363656477,0.05027943329765032
0.7,p10_g2_rho0.7_r010,frozen_refinement,0.06093323450325077,0.21848904807616004,10,component_cap,0.00015420987213917432,0.2794222825794108,0.14578917826127694,0.024480820691845505,0.02232083640904112,0.05004449839295658
0.7,p10_g2_rho0.7_r010,stagewise_boosting,0.03663585137230292,0.229896663876417,8,time_limit,0.00022381381493500883,0.2665325152487199,0.09780926950078855,0.017815538781499503,0.0156815897124926,0.05051093144840625
0.7,p10_g2_rho0.7_r011,baseline,0.28275321248752117,0.6827199917078908,1,baseline,0.0,0.9654732041954119,0.2839218094628903,0.048336630242699075,0.07120518352662375,0.11529375836474492
0.7,p10_g2_rho0.7_r011,original,0.020793822935679523,0.18573813739617187,10,component_cap,0.00017609723291969084,0.2065319603318514,0.08337719441392968,0.013900852402823433,0.012366419207227575,0.08221644495586287
0.7,p10_g2_rho0.7_r011,frozen_refinement,0.052648865870152,0.28895363765661314,10,component_cap,0.0001830712017794537,0.34160250352676513,0.14328882972047893,0.023100645017022407,0.022115274558470857,0.08575253065387083
0.7,p10_g2_rho0.7_r011,stagewise_boosting,0.08086034641767313,0.3202888342495096,7,time_limit,9.503540970676184e-05,0.40114918066718275,0.17108521799113172,0.03082309048306691,0.02522175614164983,0.0861957821069671
0.7,p10_g2_rho0.7_r012,baseline,0.18332450265779085,0.39051227762147434,1,baseline,0.0,0.5738367802792652,0.2180704722729321,0.046710520816562566,0.055189317895317634,0.08861414888852706
0.7,p10_g2_rho0.7_r012,original,0.013445852505320521,0.1591134242186598,10,component_cap,0.00016361340038882193,0.1725592767239803,0.054631801029656174,0.010570815883148477,0.00933134962082985,0.10254089283278661
0.7,p10_g2_rho0.7_r012,frozen_refinement,0.1491844884908824,0.24981036465211925,10,component_cap,0.00013140064164265892,0.39899485314300165,0.17534964883322626,0.03892211101917169,0.04652667241283343,0.09130722815321704
0.7,p10_g2_rho0.7_r012,stagewise_boosting,0.05446452668280237,0.25715925449458615,8,time_limit,8.12831981660866e-05,0.31162378117738854,0.135252383199072,0.023026461817526805,0.014229090938487269,0.09910961689075475
0.7,p10_g2_rho0.7_r013,baseline,0.28378087682260883,0.4826555788104537,1,baseline,0.0,0.7664364556330625,0.318909639362648,0.061776606441555845,0.09135937648056794,0.13370975253501882
0.7,p10_g2_rho0.7_r013,original,0.11581613710906039,0.19137861368912143,10,component_cap,0.0001969559466795058,0.3071947507981818,0.1583227340914713,0.03357184259693132,0.04784932158468652,0.1384577504950059
0.7,p10_g2_rho0.7_r013,frozen_refinement,0.13530403228501364,0.2758605215349659,10,component_cap,0.00034633377138838036,0.4111645538199795,0.18039214287704286,0.03887084223935537,0.04461663500236778,0.14122163806534774
0.7,p10_g2_rho0.7_r013,stagewise_boosting,0.1046381017545984,0.29585591661415533,7,time_limit,0.00013004319783705616,0.40049401836875376,0.16225684759557435,0.03973359662286108,0.036171332348036545,0.1416010605036477
0.7,p10_g2_rho0.7_r014,baseline,0.132815769346599,0.41517804722213536,1,baseline,0.0,0.5479938165687344,0.2116318425308603,0.03971700851668491,0.04741826884371662,0.07638131381388358
0.7,p10_g2_rho0.7_r014,original,0.03686259048162967,0.1562762165915318,10,component_cap,0.00021395677837949634,0.19313880707316144,0.08111463068525422,0.0176724250172277,0.020634902735698447,0.08279156584298132
0.7,p10_g2_rho0.7_r014,frozen_refinement,0.05437034654743835,0.2301462528138227,9,time_limit,0.00014766224565523005,0.28451659936126106,0.11635764036075746,0.024094453948348533,0.026415783693691818,0.0800415664566318
0.7,p10_g2_rho0.7_r014,stagewise_boosting,0.132815769346599,0.41517804722213536,1,no_supported_proposal,0.0,0.5479938165687344,0.2116318425308603,0.03971700851668491,0.04741826884371662,0.07638131381388358
0.7,p10_g2_rho0.7_r015,baseline,0.03656556042814124,0.2612979121372975,1,baseline,0.0,0.29786347256543877,0.11803154742827228,0.01850786729018864,0.015726873666992238,0.1545814325353019
0.7,p10_g2_rho0.7_r015,original,0.009445524759709382,0.11059597870140747,10,component_cap,0.0001647989788188189,0.12004150346111686,0.04641541108514151,0.008048313655415619,0.006591564465495753,0.15451154309805418
0.7,p10_g2_rho0.7_r015,frozen_refinement,0.02869117391726734,0.18145924473362313,10,component_cap,8.73959360258039e-05,0.21015041865089046,0.10235473856075006,0.01674955869428891,0.011667360991113474,0.1561834188165622
0.7,p10_g2_rho0.7_r015,stagewise_boosting,0.03656556042814124,0.2612979121372975,1,no_supported_proposal,0.0,0.29786347256543877,0.11803154742827228,0.01850786729018864,0.015726873666992238,0.1545814325353019
0.7,p10_g2_rho0.7_r016,baseline,0.12642866374189357,0.44061764962971195,1,baseline,0.0,0.5670463133716055,0.2156659101165686,0.03698016537530381,0.04194014767410666,0.062251584510545015
0.7,p10_g2_rho0.7_r016,original,0.017718707416315774,0.1517241208504515,10,component_cap,9.134610506701753e-05,0.16944282826676726,0.06187912345088101,0.013012072490722459,0.009677102308636895,0.0694763505452936
0.7,p10_g2_rho0.7_r016,frozen_refinement,0.0430105890479001,0.21777391266048596,10,component_cap,9.810424781464322e-05,0.2607845017083861,0.11345762578455357,0.02347855914932877,0.016021625077928,0.06136534150351714
0.7,p10_g2_rho0.7_r016,stagewise_boosting,0.12642866374189357,0.44061764962971195,1,no_supported_proposal,0.0,0.5670463133716055,0.2156659101165686,0.03698016537530381,0.04194014767410666,0.062251584510545015
0.7,p10_g2_rho0.7_r017,baseline,0.16276293797987978,0.3796704017794191,1,baseline,0.0,0.5424333397592989,0.2288203010761,0.04491308864731723,0.053155188098517686,0.03571805289642386
0.7,p10_g2_rho0.7_r017,original,0.05782892324608952,0.1724230194721082,10,component_cap,3.722595291222563e-05,0.2302519427181977,0.10846357455936603,0.024046275525844412,0.03110379353047387,0.0349445250352917
0.7,p10_g2_rho0.7_r017,frozen_refinement,0.10412560501696626,0.27413298764763444,10,component_cap,5.9467998984789705e-05,0.3782585926646007,0.15909566459467822,0.034863704598196064,0.04667940170519071,0.037003415012501734
0.7,p10_g2_rho0.7_r017,stagewise_boosting,0.11283571097564193,0.23199059905288832,8,time_limit,0.0007149273557123831,0.34482631002853026,0.1653238591505116,0.036727032842296684,0.034544266791997645,0.03671246411539937
0.7,p10_g2_rho0.7_r018,baseline,0.040055481545810824,0.23566641522429702,1,baseline,0.0,0.27572189677010783,0.1145059660903646,0.020118067211079137,0.015097100282374954,0.12144363315414711
0.7,p10_g2_rho0.7_r018,original,0.01365956197680377,0.10273192500179604,10,component_cap,0.0001369739671184461,0.1163914869785998,0.05270058404632234,0.01038346480536104,0.007088563957797615,0.12187353544929397
0.7,p10_g2_rho0.7_r018,frozen_refinement,0.019795815099860302,0.1599727166707736,9,time_limit,0.00018817400037378723,0.1797685317706339,0.0718811303246257,0.013204913130455524,0.010872503365288291,0.12192896293215803
0.7,p10_g2_rho0.7_r018,stagewise_boosting,0.039909068663848656,0.23513998931396154,2,no_supported_proposal,0.00012088007960040782,0.2750490579778102,0.11384989307113144,0.020072033583921893,0.015026961627345412,0.12142877662696358
0.7,p10_g2_rho0.7_r019,baseline,0.03441008727478449,0.23761518400106635,1,baseline,0.0,0.27202527127585086,0.10783573141568513,0.01758299274268609,0.015516972657173368,0.08858747717042863
0.7,p10_g2_rho0.7_r019,original,0.010040584762329633,0.09297948561981392,10,component_cap,0.0001098491270803469,0.10302007038214356,0.04091604269942052,0.007997580704133766,0.005712527505423275,0.08894324985253903
0.7,p10_g2_rho0.7_r019,frozen_refinement,0.02195859593278869,0.150361087601793,9,time_limit,8.719299362446747e-05,0.1723196835345817,0.08342888897963878,0.014258612590603204,0.010920631699142758,0.08842039674460386
0.7,p10_g2_rho0.7_r019,stagewise_boosting,0.03441008727478449,0.23761518400106635,1,no_supported_proposal,0.0,0.27202527127585086,0.10783573141568513,0.01758299274268609,0.015516972657173368,0.08858747717042863
0.7,p10_g2_rho0.7_r020,baseline,0.0462468285455829,0.2592548795995041,1,baseline,0.0,0.30550170814508704,0.12587497929974487,0.020619267830717027,0.01760717498178526,0.02191576070764683
0.7,p10_g2_rho0.7_r020,original,0.012580310091112507,0.10064624251926545,10,component_cap,0.0001026950447320211,0.11322655261037795,0.037893636889356826,0.007641922063852058,0.007713843698329903,0.021520639194077745
0.7,p10_g2_rho0.7_r020,frozen_refinement,0.02302926673622929,0.16847508726489613,10,component_cap,7.778169740223833e-05,0.19150435400112542,0.07040145081986465,0.013649653984316668,0.012374160293152608,0.021775093766950082
0.7,p10_g2_rho0.7_r020,stagewise_boosting,0.04586759875955076,0.2581808382999346,2,no_supported_proposal,8.563353471741223e-05,0.30404843705948537,0.12478052966054153,0.0205384083021792,0.017369806417011236,0.02195850014784449
0.7,p10_g2_rho0.7_r021,baseline,0.0974932972333606,0.3792569983319139,1,baseline,0.0,0.4767502955652745,0.19688561338895846,0.03367267814969197,0.029131734585538322,0.022570568688183034
0.7,p10_g2_rho0.7_r021,original,0.01133846887432251,0.14720823422817222,10,component_cap,9.232347233866673e-05,0.15854670310249475,0.05257550686955904,0.010911763014571576,0.010848707959728709,0.02435033016760703
0.7,p10_g2_rho0.7_r021,frozen_refinement,0.06467702412425282,0.25812541600176575,10,component_cap,1.1293425250137492e-05,0.32280244012601855,0.15766236218208174,0.0272243139431796,0.024403016563303296,0.02204515272534153
0.7,p10_g2_rho0.7_r021,stagewise_boosting,0.04922835520041684,0.25558182700982984,8,time_limit,0.00041878869223613047,0.3048101822102467,0.12130890445192422,0.02332021984834378,0.018863376128020106,0.023681405766272888
0.7,p10_g2_rho0.7_r022,baseline,0.45400801558354126,0.7041233695011313,1,baseline,0.0,1.1581313850846726,0.38118633321132267,0.08320059769384729,0.0917508818873651,0.0684115272194559
0.7,p10_g2_rho0.7_r022,original,0.08321184096836415,0.3362063253829564,10,component_cap,0.00013437209557379333,0.41941816635132056,0.12300947113738155,0.028265591973712638,0.03312409245164428,0.08545039114589051
0.7,p10_g2_rho0.7_r022,frozen_refinement,0.3301157433672494,0.47932266329939416,9,time_limit,0.00013934864319359782,0.8094384066666436,0.33497241692802515,0.06720992912281458,0.07594275710593475,0.07028245594325472
0.7,p10_g2_rho0.7_r022,stagewise_boosting,0.0934380414108226,0.5910396307475715,9,time_limit,0.00019450536254398958,0.6844776721583941,0.1525337481588028,0.03511739357855519,0.041051604737585665,0.0808262340368484
0.7,p10_g2_rho0.7_r023,baseline,0.35836731066190486,0.46791417426183524,1,baseline,0.0,0.8262814849237401,0.3261201285927784,0.07144076416813838,0.10915375855527976,0.13030086788585898
0.7,p10_g2_rho0.7_r023,original,0.2352110462617281,0.17491319839511396,10,component_cap,0.00020803247922142885,0.41012424465684205,0.22697266145070483,0.04599456894612838,0.07430413245536459,0.13411316928040015
0.7,p10_g2_rho0.7_r023,frozen_refinement,0.06034674353297331,0.26795679845462816,8,time_limit,3.510277151364422e-05,0.3283035419876015,0.14017919416961566,0.027698380032685203,0.01878049744229235,0.1537794579814469
0.7,p10_g2_rho0.7_r023,stagewise_boosting,0.08199136745573836,0.2980996161830845,7,time_limit,0.000472410122291658,0.3800909836388229,0.1492563015288707,0.03717305884270266,0.028011201419094914,0.15231531625165104
0.7,p10_g2_rho0.7_r024,baseline,0.06017422967465864,0.24642702226522245,1,baseline,0.0,0.3066012519398811,0.14421457346310476,0.025659053736040827,0.018975116338754906,0.05934802199355706
0.7,p10_g2_rho0.7_r024,original,0.016140059817251497,0.09647111991779603,10,component_cap,8.442650155900758e-05,0.11261117973504753,0.05773937472533193,0.011483639491098797,0.008752137428222269,0.058879908365418884
0.7,p10_g2_rho0.7_r024,frozen_refinement,0.035881030835267794,0.1652576509418206,10,component_cap,0.00014651288459707155,0.20113868177708838,0.09750460261696312,0.01941970864213608,0.014574111968345913,0.05908943546325065
0.7,p10_g2_rho0.7_r024,stagewise_boosting,0.04661827882041438,0.16315530468893155,7,time_limit,0.0001616951888492218,0.20977358350934594,0.12366891097065791,0.021480697749998844,0.013927718427772042,0.05951155795699937
0.7,p10_g2_rho0.7_r025,baseline,0.04885082851417079,0.23457319894843043,1,baseline,0.0,0.2834240274626012,0.13870996617215214,0.021764796623557577,0.017449054878610724,0.16014256484313158
0.7,p10_g2_rho0.7_r025,original,0.006329882948197906,0.08854487684823488,10,component_cap,0.00012337688262211954,0.09487475979643278,0.03129840280867174,0.005600237635325854,0.005101684863312309,0.1592126477956651
0.7,p10_g2_rho0.7_r025,frozen_refinement,0.02502141342527564,0.15200380584102235,10,component_cap,0.00017676813956487523,0.177025219266298,0.09630289137285654,0.01595804994734961,0.013454016014640949,0.16199685406237102
0.7,p10_g2_rho0.7_r025,stagewise_boosting,0.04885082851417079,0.23457319894843043,1,no_supported_proposal,0.0,0.2834240274626012,0.13870996617215214,0.021764796623557577,0.017449054878610724,0.16014256484313158
0.7,p10_g2_rho0.7_r026,baseline,0.10345020828071866,0.5044197654234501,1,baseline,0.0,0.6078699737041688,0.19469554376986037,0.03594704672986989,0.036608183440356046,0.023726077863735803
0.7,p10_g2_rho0.7_r026,original,0.01515129335664707,0.15054667547720674,10,component_cap,0.00010742294022173267,0.1656979688338538,0.06342351421545919,0.011897655941843107,0.011812519982362277,0.03051402138157671
0.7,p10_g2_rho0.7_r026,frozen_refinement,0.0415042933551176,0.26733200070490437,10,component_cap,4.4555393924351285e-05,0.308836294060022,0.1101217501922375,0.022607510494468186,0.021519448586121273,0.028508013339084797
0.7,p10_g2_rho0.7_r026,stagewise_boosting,0.10345020828071866,0.5044197654234501,1,no_supported_proposal,0.0,0.6078699737041688,0.19469554376986037,0.03594704672986989,0.036608183440356046,0.023726077863735803
0.7,p10_g2_rho0.7_r027,baseline,0.084891498910401,0.3274104698761143,1,baseline,0.0,0.41230196878651526,0.17703933033881736,0.030627540747037052,0.029358140769507938,0.022646165791871196
0.7,p10_g2_rho0.7_r027,original,0.00948733062154387,0.11592561787191842,10,component_cap,0.00011384251456437047,0.1254129484934623,0.048006224770512015,0.009248383284223345,0.008377991537807978,0.026423228225832537
0.7,p10_g2_rho0.7_r027,frozen_refinement,0.02633020005731504,0.1919984752396727,10,component_cap,1.6578312918569545e-05,0.21832867529698774,0.09072291330256949,0.016824209119549748,0.015934641164164366,0.025155871445501323
0.7,p10_g2_rho0.7_r027,stagewise_boosting,0.04263034850590568,0.19322257040286334,7,time_limit,0.00032426278674265775,0.23585291890876903,0.109634007247218,0.021774841247857134,0.017368572558843224,0.02392999212493476
0.7,p10_g2_rho0.7_r028,baseline,0.05057094191765042,0.28942390289883735,1,baseline,0.0,0.3399948448164878,0.1411201174782334,0.022754107564257896,0.018592769025641036,0.08571583301246333
0.7,p10_g2_rho0.7_r028,original,0.0077443094320550215,0.10062323813353728,10,component_cap,9.177837970232956e-05,0.1083675475655923,0.043597002691654216,0.00813298630221801,0.007229595571198359,0.0881550350321954
0.7,p10_g2_rho0.7_r028,frozen_refinement,0.024707487428185616,0.18654870324403783,9,time_limit,0.00011289603270303601,0.21125619067222345,0.09660556094459706,0.01616341963862635,0.013499751054685203,0.08558814520079924
0.7,p10_g2_rho0.7_r028,stagewise_boosting,0.05057094191765042,0.28942390289883735,1,no_supported_proposal,0.0,0.3399948448164878,0.1411201174782334,0.022754107564257896,0.018592769025641036,0.08571583301246333
0.7,p10_g2_rho0.7_r029,baseline,0.058473172911075545,0.4650330111097064,1,baseline,0.0,0.523506184020782,0.1400953139175115,0.026449307143994107,0.028721782644481293,0.047661646552892664
0.7,p10_g2_rho0.7_r029,original,0.011541135091477653,0.1227566372852557,10,component_cap,0.00012693020165155313,0.13429777237673335,0.05336124572018647,0.011761538582496883,0.007152486037484293,0.05249017249109045
0.7,p10_g2_rho0.7_r029,frozen_refinement,0.025532026706264508,0.1878813162047889,10,component_cap,7.654845458713405e-05,0.2134133429110534,0.09333359705079933,0.016421004874865024,0.01262712532351165,0.051267876781538435
0.7,p10_g2_rho0.7_r029,stagewise_boosting,0.0378340393949173,0.24768405031461643,5,no_supported_proposal,8.548865745407265e-05,0.28551808970953374,0.11225898693731373,0.01925300069904793,0.014214811411310587,0.05129091618905538
0.7,p10_g2_rho0.7_r030,baseline,0.050993325493524234,0.30108103080209275,1,baseline,0.0,0.352074356295617,0.1373834143709988,0.022740562699662216,0.02028750176779846,0.08476650756113593
0.7,p10_g2_rho0.7_r030,original,0.010526731312765096,0.12485790925328683,10,component_cap,0.00012971518364813145,0.13538464056605193,0.044815532249421454,0.008295567024273058,0.007540866373723534,0.08545097239610189
0.7,p10_g2_rho0.7_r030,frozen_refinement,0.02895354198036043,0.1915172656311876,10,component_cap,0.00013681633460514738,0.22047080761154803,0.09541336258718583,0.017586644334597182,0.014672603160508906,0.08452217034381691
0.7,p10_g2_rho0.7_r030,stagewise_boosting,0.050993325493524234,0.30108103080209275,1,no_supported_proposal,0.0,0.352074356295617,0.1373834143709988,0.022740562699662216,0.02028750176779846,0.08476650756113593
0.7,p10_g2_rho0.7_r031,baseline,0.3724468912777106,0.350196170124655,1,baseline,0.0,0.7226430614023656,0.32802545827475216,0.07329191377797831,0.060991884903523585,0.14985125987929288
0.7,p10_g2_rho0.7_r031,original,0.05266671889733332,0.14316757179023099,10,component_cap,0.00013553399897462247,0.1958342906875643,0.10257030478797355,0.017844118549280877,0.019027807166349758,0.1839351283001871
0.7,p10_g2_rho0.7_r031,frozen_refinement,0.060080170312556684,0.20688334519784085,10,component_cap,1.842299452811007e-05,0.26696351551039754,0.11629541016399322,0.02074549131970436,0.019497523639825487,0.18943748691473622
0.7,p10_g2_rho0.7_r031,stagewise_boosting,0.3724468912777106,0.350196170124655,1,no_supported_proposal,0.0,0.7226430614023656,0.32802545827475216,0.07329191377797831,0.060991884903523585,0.14985125987929288
0.7,p10_g2_rho0.7_r032,baseline,0.23928659301488137,0.5504962190184417,1,baseline,0.0,0.789782812033323,0.25364292992062004,0.042443775807546456,0.07238982657192305,0.20008651593118287
0.7,p10_g2_rho0.7_r032,original,0.029982887647262035,0.17741014733839472,10,component_cap,0.0001558320813750201,0.20739303498565675,0.0909314975474276,0.015325588937020717,0.015097251132340731,0.17192961830998746
0.7,p10_g2_rho0.7_r032,frozen_refinement,0.06259925747931555,0.2368458803193338,10,component_cap,6.16906749737451e-05,0.29944513779864934,0.13642573929156432,0.02250157837641418,0.026942864645599213,0.1677897626303662
0.7,p10_g2_rho0.7_r032,stagewise_boosting,0.053513004620209206,0.27777422098287513,8,time_limit,0.00015031289803439153,0.3312872256030843,0.1278568812844279,0.024335665703540975,0.027579573980928113,0.175291856888893
0.7,p10_g2_rho0.7_r033,baseline,0.5632549396617013,0.4380592208847982,1,baseline,0.0,1.0013141605464995,0.4202641019784984,0.09339795475729334,0.10839051102612396,0.06366576050655606
0.7,p10_g2_rho0.7_r033,original,0.020536115956709147,0.12765736196393349,10,component_cap,0.00017402673669161104,0.14819347792064264,0.07549889814775503,0.012266944415567955,0.009365340115907252,0.11958091881723427
0.7,p10_g2_rho0.7_r033,frozen_refinement,0.043145787870476,0.20701999095626483,9,time_limit,0.00011418106602521266,0.25016577882674085,0.11856058039524872,0.02078106127328918,0.015595046991607119,0.11852277956374854
0.7,p10_g2_rho0.7_r033,stagewise_boosting,0.049729957521750974,0.26805058723190184,4,no_supported_proposal,0.00016285380120245675,0.3177805447536528,0.12890649643662136,0.020961254611661817,0.018916608999576107,0.1272907214652598
0.7,p10_g2_rho0.7_r034,baseline,0.44537173289238197,0.8389018694801403,1,baseline,0.0,1.2842736023725223,0.3643143400528615,0.07888039028190934,0.0979059489727771,0.09252190139647153
0.7,p10_g2_rho0.7_r034,original,0.21611776729303805,0.2632648703345138,10,component_cap,9.530126526500584e-05,0.47938263762755184,0.22921424450962208,0.04590091675987139,0.05184527436137832,0.1053776565053131
0.7,p10_g2_rho0.7_r034,frozen_refinement,0.26768535942292,0.3604655142167062,10,component_cap,9.840946388989225e-05,0.6281508736396262,0.2839232577013498,0.05427531450489069,0.05980453256365788,0.1027359801151134
0.7,p10_g2_rho0.7_r034,stagewise_boosting,0.1656339324873299,0.4310349600438117,8,time_limit,0.00015004429182430292,0.5966688925311416,0.22339853468378476,0.04775766369261925,0.04284469202591229,0.11519943256036333
0.7,p10_g2_rho0.7_r035,baseline,0.049401927887515226,0.23744102774578174,1,baseline,0.0,0.286842955633297,0.13622068719424624,0.021883552185142513,0.018591389025420776,0.06693051928079231
0.7,p10_g2_rho0.7_r035,original,0.010165630588371381,0.0846638750759362,10,component_cap,0.00011758474044382537,0.09482950566430759,0.03991973151864609,0.00836260336233877,0.007495766360973927,0.06799512047154119
0.7,p10_g2_rho0.7_r035,frozen_refinement,0.03509109744658332,0.16661930586993492,9,time_limit,0.00018814593390899844,0.20171040331651824,0.11229144096368102,0.018533376782309707,0.015435965256322215,0.06731355388117717
0.7,p10_g2_rho0.7_r035,stagewise_boosting,0.03670621561371152,0.1622533884515755,7,time_limit,8.550129835769649e-05,0.198959604065287,0.11519692248385634,0.01889756955570239,0.014633482936369135,0.06859200850495248
0.7,p10_g2_rho0.7_r036,baseline,0.19155677879887176,0.5420915273538657,1,baseline,0.0,0.7336483061527375,0.2814872334443613,0.04594158468646996,0.05745607991880251,0.07581154750766964
0.7,p10_g2_rho0.7_r036,original,0.022880343879117526,0.1812752207549323,10,component_cap,0.0001067689407973783,0.20415556463404982,0.08660575922882682,0.014593860520391761,0.01429177221287929,0.07523628122537075
0.7,p10_g2_rho0.7_r036,frozen_refinement,0.06193814209339901,0.2787124178643098,10,component_cap,0.00010964411367291836,0.34065055995770877,0.15389205265972908,0.02534088765704547,0.029877784123723057,0.07809650762432979
0.7,p10_g2_rho0.7_r036,stagewise_boosting,0.06133786712292036,0.2655859474435427,8,time_limit,0.00012890804774777796,0.326923814566463,0.12740787415404944,0.02661329233674268,0.022317805561106747,0.0733200324422196
0.7,p10_g2_rho0.7_r037,baseline,0.4597588517166856,0.7463522873407128,1,baseline,0.0,1.2061111390573984,0.39705578331708474,0.05458892500770118,0.13105969156106873,0.13717876084777772
0.7,p10_g2_rho0.7_r037,original,0.027844880877715847,0.21388817140665117,10,component_cap,7.883283403350659e-05,0.24173305228436703,0.09852109768497594,0.017300408351364854,0.019757297400339397,0.12812282848908682
0.7,p10_g2_rho0.7_r037,frozen_refinement,0.06670076358249563,0.2871417684945856,10,component_cap,5.141563059157758e-05,0.3538425320770813,0.14587607941217146,0.025580089524799416,0.026706529682469053,0.1291344421603599
0.7,p10_g2_rho0.7_r037,stagewise_boosting,0.07331748872828302,0.29719471828831256,6,no_supported_proposal,8.689511055468967e-05,0.3705122070165956,0.1542231454022954,0.025252385799685185,0.03573607334264514,0.13166023209487568
0.7,p10_g2_rho0.7_r038,baseline,0.09476757069173312,0.3384233454856761,1,baseline,0.0,0.43319091617740924,0.18448067384842615,0.03223849105595163,0.029858656112468792,0.07028018824675114
0.7,p10_g2_rho0.7_r038,original,0.024630161940389042,0.12944077148051503,10,component_cap,0.00010157455101476292,0.15407093342090405,0.06640881804061619,0.012974036549399489,0.013547604166145406,0.0699324509817871
0.7,p10_g2_rho0.7_r038,frozen_refinement,0.05347619498413992,0.22099094863370083,8,time_limit,0.00014321605977291307,0.27446714361784075,0.11926751764720568,0.022981252677608272,0.021731517505893017,0.0730504006374497
0.7,p10_g2_rho0.7_r038,stagewise_boosting,0.09476757069173312,0.3384233454856761,1,no_supported_proposal,0.0,0.43319091617740924,0.18448067384842615,0.03223849105595163,0.029858656112468792,0.07028018824675114
0.7,p10_g2_rho0.7_r039,baseline,0.04801634336532816,0.237384381854644,1,baseline,0.0,0.2854007252199722,0.13088816069421041,0.021766401519451646,0.019070647754032843,0.06831434154032691
0.7,p10_g2_rho0.7_r039,original,0.00607649204395599,0.07948084603744476,10,component_cap,0.00011327011764360715,0.08555733808140076,0.03170862659877294,0.006115854083179743,0.005450611187783193,0.06962085400112034
0.7,p10_g2_rho0.7_r039,frozen_refinement,0.02363467240397389,0.13179792938143275,9,time_limit,6.464165563841539e-05,0.15543260178540663,0.08448382584980724,0.01599110326535528,0.012407327554739809,0.06812408639428759
0.7,p10_g2_rho0.7_r039,stagewise_boosting,0.02344668170570823,0.13487571938683945,8,time_limit,0.00012617558996409767,0.1583224010925477,0.08572041048918391,0.015543760545334457,0.011635377702836219,0.06593630248008152
0.7,p10_g2_rho0.7_r040,baseline,0.15707214102140196,0.3730537522994979,1,baseline,0.0,0.5301258933208999,0.2213508032961199,0.04254382466061824,0.04686495015793942,0.042913648638078214
0.7,p10_g2_rho0.7_r040,original,0.0744235962709301,0.10483244027676152,10,component_cap,4.3707537721927146e-05,0.17925603654769162,0.0957792681281412,0.020337402749289142,0.025385040519006023,0.04390339144194168
0.7,p10_g2_rho0.7_r040,frozen_refinement,0.11455954536236201,0.2189334438961119,9,time_limit,5.0851073396482886e-05,0.3334929892584739,0.16380066040379754,0.03398784417094155,0.03634577811891097,0.043204401275666
0.7,p10_g2_rho0.7_r040,stagewise_boosting,0.15707214102140196,0.3730537522994979,1,no_supported_proposal,0.0,0.5301258933208999,0.2213508032961199,0.04254382466061824,0.04686495015793942,0.042913648638078214
0.7,p10_g2_rho0.7_r041,baseline,0.4345671868153832,0.7501119567610627,1,baseline,0.0,1.1846791435764459,0.3614559135937348,0.0549237235440593,0.13545454439661522,0.2090176926821257
0.7,p10_g2_rho0.7_r041,original,0.026247365334806108,0.20781207148580938,10,component_cap,0.00010733515294967195,0.23405943682061547,0.09575788379971141,0.0164177187999691,0.01745791826231458,0.1710493081158703
0.7,p10_g2_rho0.7_r041,frozen_refinement,0.13187667622446803,0.2764707803534177,10,component_cap,0.00011832942955306922,0.40834745657788574,0.16357633475164135,0.030526184571830494,0.063284850714583,0.1518783950710536
0.7,p10_g2_rho0.7_r041,stagewise_boosting,0.08532247429064499,0.3077984878015668,6,no_supported_proposal,0.00011299313132343423,0.3931209620922118,0.14916575710379187,0.030781195719811343,0.045586147384277326,0.17337945195834545
0.7,p10_g2_rho0.7_r042,baseline,0.3362593871662847,0.5659379675623077,1,baseline,0.0,0.9021973547285924,0.31311104630643316,0.0842974497102273,0.08237289063045916,0.08659351079766926
0.7,p10_g2_rho0.7_r042,original,0.151362680592726,0.27268308416952886,10,component_cap,0.0001753041053140292,0.42404576476225486,0.2094403416599184,0.05242682248214163,0.058852719402392464,0.09101935231783403
0.7,p10_g2_rho0.7_r042,frozen_refinement,0.23111979569853966,0.38369927418811745,10,component_cap,8.53404950881726e-05,0.6148190698866571,0.2704320833196166,0.06760288741712775,0.06892785954094327,0.08862231236335173
0.7,p10_g2_rho0.7_r042,stagewise_boosting,0.3362593871662847,0.5659379675623077,1,no_supported_proposal,0.0,0.9021973547285924,0.31311104630643316,0.0842974497102273,0.08237289063045916,0.08659351079766926
0.7,p10_g2_rho0.7_r043,baseline,0.3028330027980827,0.4376468353704427,1,baseline,0.0,0.7404798381685254,0.2963130267688547,0.0730391798157459,0.058806596116139705,0.10056649678701718
0.7,p10_g2_rho0.7_r043,original,0.08843202801072164,0.22775015269635207,10,component_cap,0.00012190913299156257,0.3161821807070737,0.15094341894418759,0.03462373538774228,0.02984937721658682,0.10890744623268828
0.7,p10_g2_rho0.7_r043,frozen_refinement,0.25709201181858893,0.27012146366213224,10,component_cap,0.00013158724682269302,0.5272134754807212,0.2709578158220492,0.06421668719939806,0.05098452248525502,0.10134761584308978
0.7,p10_g2_rho0.7_r043,stagewise_boosting,0.1685690608974799,0.3393365222672695,8,time_limit,0.00021026633827364344,0.5079055831647494,0.2077623596140469,0.05341734402506974,0.04040045715262463,0.10288502314566055
0.7,p10_g2_rho0.7_r044,baseline,0.49670472699192936,0.7805942808998834,1,baseline,0.0,1.2772990078918127,0.3771700671365774,0.09184995381103116,0.13078663759227405,0.3451176755803453
0.7,p10_g2_rho0.7_r044,original,0.2298606607777291,0.2676956018347763,10,component_cap,2.9171103338368582e-05,0.4975562626125054,0.23838099211996444,0.05171358266594354,0.0749049335714541,0.32025401640101325
0.7,p10_g2_rho0.7_r044,frozen_refinement,0.2816160110952784,0.41845884971133057,10,component_cap,0.00021041596846362902,0.700074860806609,0.2787929113521785,0.06434418596873573,0.10062429954703199,0.34316871949074734
0.7,p10_g2_rho0.7_r044,stagewise_boosting,0.177696889444883,0.5742815754521031,9,time_limit,0.00015859851853290463,0.751978464896986,0.21988888260761685,0.05562372194369987,0.05641689164037613,0.3052283988277726
0.7,p10_g2_rho0.7_r045,baseline,0.1004062792462601,0.39400384339441996,1,baseline,0.0,0.49441012264068007,0.18762741645045827,0.03330152500007699,0.034368570380114635,0.09270148639296386
0.7,p10_g2_rho0.7_r045,original,0.0219208774209305,0.1568214920020539,10,component_cap,2.8197971803147995e-05,0.17874236942298438,0.06651101318974909,0.01335287651905133,0.013849773274561916,0.09463332841303933
0.7,p10_g2_rho0.7_r045,frozen_refinement,0.05061372533265691,0.256346645375959,10,component_cap,0.00012266740438000203,0.3069603707086159,0.12184860942826545,0.02404822540091458,0.02449148853777046,0.0919479982926627
0.7,p10_g2_rho0.7_r045,stagewise_boosting,0.053488462276828116,0.2480442005936645,8,time_limit,0.0006112903445755439,0.30153266287049263,0.1127252078228405,0.02418522728007921,0.021298836384865384,0.097981588362086
0.7,p10_g2_rho0.7_r046,baseline,0.08001175030113242,0.41082146940725983,1,baseline,0.0,0.4908332197083922,0.17121013844606325,0.030631754894066044,0.02857605595480085,0.02872135673227533
0.7,p10_g2_rho0.7_r046,original,0.015410557069472504,0.12421145709033252,10,component_cap,0.00012427605236006798,0.13962201415980502,0.05032783268492255,0.010649362260280848,0.009964510596084778,0.030968629105704193
0.7,p10_g2_rho0.7_r046,frozen_refinement,0.05885513524733955,0.23492698654946265,9,time_limit,0.00010847193576273214,0.2937821217968022,0.14871467909960176,0.02394295577792995,0.019919378676681688,0.029468274875886047
0.7,p10_g2_rho0.7_r046,stagewise_boosting,0.050021254276753704,0.2464798653680978,7,time_limit,0.00016382065051500044,0.2965011196448515,0.1207590525560874,0.0249674906898496,0.01806320346028333,0.029436078954799123
0.7,p10_g2_rho0.7_r047,baseline,0.12881399568137378,0.4077141177835656,1,baseline,0.0,0.5365281134649393,0.21335468833612492,0.038002064027719155,0.03938370853482367,0.15609075848632584
0.7,p10_g2_rho0.7_r047,original,0.030938321173315707,0.16670060116425903,10,component_cap,0.00011283564981055951,0.19763892233757474,0.08431186063124735,0.017448974269350014,0.01448725174801654,0.16445845228086486
0.7,p10_g2_rho0.7_r047,frozen_refinement,0.051770604292785904,0.21783828939284966,10,component_cap,7.623813273672883e-05,0.26960889368563556,0.10733609287162726,0.024196458318867093,0.022186938299262843,0.16118986281544243
0.7,p10_g2_rho0.7_r047,stagewise_boosting,0.054434961365962715,0.26299816627777584,7,time_limit,0.0002691997155252654,0.31743312764373854,0.11672243199622206,0.025939802202626806,0.021270324383783738,0.16310669770247427
0.7,p10_g2_rho0.7_r048,baseline,0.07996429896934959,0.3075363297295382,1,baseline,0.0,0.3875006286988878,0.17523056795270053,0.029015715694731315,0.027786329217385004,0.06366867652212237
0.7,p10_g2_rho0.7_r048,original,0.008429990147455636,0.10469534591377491,10,component_cap,0.0001408205938603614,0.11312533606123054,0.04188742618983467,0.008959037644616379,0.009354627304233481,0.06582329441038633
0.7,p10_g2_rho0.7_r048,frozen_refinement,0.03687932179704606,0.19529338152725612,9,time_limit,1.922743740471906e-05,0.23217270332430218,0.11434874732061293,0.020750375693602077,0.019502743954313374,0.06534707088023219
0.7,p10_g2_rho0.7_r048,stagewise_boosting,0.02862644198608614,0.18731934284151727,7,time_limit,0.00014342776153481563,0.2159457848276034,0.08904308797450236,0.017862953272767015,0.013841943408846742,0.06562726050073803
0.7,p10_g2_rho0.7_r049,baseline,0.04706401252647034,0.23586416488220768,1,baseline,0.0,0.28292817740867804,0.131547701167017,0.02155158362332594,0.017493874858287097,0.14765763144449898
0.7,p10_g2_rho0.7_r049,original,0.0065818872405756165,0.07820319686847488,10,component_cap,6.716748089696974e-05,0.0847850841090505,0.030774920762470345,0.006214125856255755,0.005764209589817787,0.14753595544684844
0.7,p10_g2_rho0.7_r049,frozen_refinement,0.025712924085985266,0.15654475097966422,9,time_limit,2.3924052416080113e-05,0.1822576750656495,0.09517695537495846,0.016711025109650855,0.013481409458409128,0.14556049092813425
0.7,p10_g2_rho0.7_r049,stagewise_boosting,0.031082077309883868,0.1638471428273065,7,time_limit,0.0001904362262223891,0.19492922013719038,0.09619572335663909,0.016850584992875537,0.010781668245708583,0.15056000740550587
0.9,p10_g2_rho0.9_r000,baseline,1.0303467520310572,0.7563776751734257,1,baseline,0.0,1.7867244272044829,0.580015536613496,0.14812883560074644,0.24561634699307305,0.05598787947936914
0.9,p10_g2_rho0.9_r000,original,0.5584512008403055,0.438121392977433,10,component_cap,7.694914061841685e-05,0.9965725938177386,0.43191251673381226,0.10155633661340577,0.17955536230746946,0.0671160327059085
0.9,p10_g2_rho0.9_r000,frozen_refinement,0.4578415220431164,0.7659370549173179,10,component_cap,6.441542461750911e-05,1.2237785769604343,0.3898809444646245,0.07086192543708245,0.14143511443539522,0.07892777190838236
0.9,p10_g2_rho0.9_r000,stagewise_boosting,0.2968092979532264,0.6566972124699129,9,time_limit,0.00014486180399559377,0.9535065104231393,0.2989978629371243,0.04411498105974869,0.10502462391634305,0.10584542123682053
0.9,p10_g2_rho0.9_r001,baseline,1.4491856247423243,0.5583547800602233,1,baseline,0.0,2.0075404048025476,0.7105443167997076,0.1947413024915337,0.17320149943989957,0.15721234463254863
0.9,p10_g2_rho0.9_r001,original,0.32105908356342494,0.3012440634434995,10,component_cap,7.291972139277285e-05,0.6223031470069245,0.3031995134161558,0.0658852668442845,0.12175888270086982,0.08761319250617183
0.9,p10_g2_rho0.9_r001,frozen_refinement,1.2803882190278562,0.5216027593413837,9,time_limit,8.56001946077127e-05,1.8019909783692398,0.6660907637739089,0.16400039597331176,0.11967465513661629,0.16814501017731306
0.9,p10_g2_rho0.9_r001,stagewise_boosting,0.2524864772328719,0.39267177175044954,7,no_supported_proposal,5.779474830525316e-05,0.6451582489833214,0.2757190173303537,0.05008739238896861,0.06635593570848562,0.10049938519434323
0.9,p10_g2_rho0.9_r002,baseline,0.6089868458818618,0.39446996771218,1,baseline,0.0,1.0034568135940418,0.4289401016140131,0.11487936603705906,0.14476108828001163,0.2838331541066984
0.9,p10_g2_rho0.9_r002,original,0.45684746121927483,0.2353278442711268,10,component_cap,9.372502904607415e-05,0.6921753054904016,0.3628084250921624,0.08735928067727351,0.12107403454944607,0.27015868844156243
0.9,p10_g2_rho0.9_r002,frozen_refinement,0.5235431407109444,0.4085039851694078,9,time_limit,4.030104898375994e-05,0.9320471258803522,0.39583371906705866,0.0928350791090142,0.10930481012962817,0.26417703796497694
0.9,p10_g2_rho0.9_r002,stagewise_boosting,0.31110237298959004,0.3822466468061994,4,no_supported_proposal,3.9410078335440027e-05,0.6933490197957894,0.31472388777372534,0.062406016331406314,0.08907414867013842,0.24628691322013838
0.9,p10_g2_rho0.9_r003,baseline,0.3835056617655739,0.44691033320403895,1,baseline,0.0,0.8304159949696128,0.3592122276361148,0.07734584175100732,0.12867652568746518,0.07273025482644206
0.9,p10_g2_rho0.9_r003,original,0.18851211182381863,0.285779154040654,10,component_cap,8.473182534733548e-05,0.4742912658644727,0.2113383403509242,0.051206850303642505,0.08962302332477848,0.07407557064978053
0.9,p10_g2_rho0.9_r003,frozen_refinement,0.2887851249863165,0.3937193371638894,10,component_cap,0.00010529024608342313,0.6825044621502059,0.2910494094453004,0.06841340802521982,0.12046988079050565,0.07470492729591854
0.9,p10_g2_rho0.9_r003,stagewise_boosting,0.24566496269305582,0.38607102421052963,8,time_limit,0.00019746241645515077,0.6317359869035855,0.25724109464522465,0.061957467856182766,0.10032506048953302,0.08213849570268013
0.9,p10_g2_rho0.9_r004,baseline,0.29532888472294266,0.4902320869484445,1,baseline,0.0,0.7855609716713872,0.32667691141970134,0.0631954517375203,0.10369511974658581,0.04006500027021087
0.9,p10_g2_rho0.9_r004,original,0.10428964061208126,0.3015357393673517,10,component_cap,0.00012615197075318218,0.4058253799794329,0.16217926585629083,0.034660314254608894,0.0747743475198127,0.04130750397108953
0.9,p10_g2_rho0.9_r004,frozen_refinement,0.23888248097720888,0.4112795624329181,10,component_cap,0.00023477565944593896,0.650162043410127,0.28493708077349644,0.057762409602742794,0.09837757202275814,0.04088640372225559
0.9,p10_g2_rho0.9_r004,stagewise_boosting,0.22874397987997652,0.3817803652391548,8,time_limit,8.227272285563355e-05,0.6105243451191313,0.26139211490417646,0.05771353454609712,0.09245704680549721,0.039784497660542754
0.9,p10_g2_rho0.9_r005,baseline,0.7343343032433877,0.4207877342766425,1,baseline,0.0,1.1551220375200302,0.4888515542512418,0.12880145191819994,0.15812946144102688,0.11459614816151804
0.9,p10_g2_rho0.9_r005,original,0.538171614193478,0.260980904671245,10,component_cap,0.00012183935860672066,0.799152518864723,0.4217711772230381,0.09910875436809843,0.12806101901303227,0.10927027861038914
0.9,p10_g2_rho0.9_r005,frozen_refinement,0.61648337230395,0.46009217885245945,8,time_limit,0.00011823744325068782,1.0765755511564095,0.44453810213587897,0.10229810275223392,0.12021682194186999,0.10695214869726846
0.9,p10_g2_rho0.9_r005,stagewise_boosting,0.2081148191221743,0.36843267625839216,9,time_limit,0.00011407137607472991,0.5765474953805665,0.2644997013550535,0.04868850299367833,0.0653271426197138,0.07945077922438307
0.9,p10_g2_rho0.9_r006,baseline,1.2435855494648878,0.6307492507096426,1,baseline,0.0,1.8743348001745304,0.6521926880240857,0.19386283994384224,0.25770846561740524,0.1921946977889004
0.9,p10_g2_rho0.9_r006,original,0.9155757131930625,0.38269339842302397,10,component_cap,7.527126616864427e-05,1.2982691116160865,0.5808866879589912,0.15382654646227029,0.20873827217355334,0.17281870087376916
0.9,p10_g2_rho0.9_r006,frozen_refinement,0.8215981055378067,0.5464754552418923,10,component_cap,5.2637727026651776e-05,1.368073560779699,0.5226544171105325,0.12527747714397433,0.23182145410928762,0.17591997318611383
0.9,p10_g2_rho0.9_r006,stagewise_boosting,0.5886048503450774,0.4916244626056716,9,time_limit,5.7901423763088415e-05,1.080229312950749,0.4471335532810146,0.09888954907974688,0.1681969039791501,0.14542302412609195
0.9,p10_g2_rho0.9_r007,baseline,0.5600673293170461,0.49455314989854016,1,baseline,0.0,1.0546204792155862,0.4240977403724447,0.10360521768334682,0.1864530518485882,0.05167398237068775
0.9,p10_g2_rho0.9_r007,original,0.35746761725016674,0.28602775141145154,10,component_cap,5.6265148092601297e-05,0.6434953686616183,0.3223891823234212,0.0739056531742587,0.14664682995048278,0.05666515507656617
0.9,p10_g2_rho0.9_r007,frozen_refinement,0.22670211977689092,0.44158722873987444,9,time_limit,0.0001030283633723027,0.6682893485167654,0.28531732311866687,0.052299714615526,0.07772403903020549,0.07331263276726942
0.9,p10_g2_rho0.9_r007,stagewise_boosting,0.23303602453527716,0.4535740886759747,3,no_supported_proposal,0.00014544537627690142,0.6866101132112519,0.29562012031269985,0.05178869318001713,0.08010110645554859,0.07256834054678687
0.9,p10_g2_rho0.9_r008,baseline,0.3728679018727403,0.4648967699908342,1,baseline,0.0,0.8377646718635745,0.3370004476377843,0.0772745503159062,0.12881439238453907,0.15433945194334048
0.9,p10_g2_rho0.9_r008,original,0.23673402130212895,0.2657924047899176,10,component_cap,0.00016007975631622355,0.5025264260920466,0.24312287401717944,0.05535245083447775,0.10778265992201072,0.15246383014218112
0.9,p10_g2_rho0.9_r008,frozen_refinement,0.32297118354288284,0.38213054590733736,10,component_cap,7.554170832880766e-05,0.7051017294502202,0.30078036516162543,0.0719791279130665,0.12502649839844365,0.15460564580813715
0.9,p10_g2_rho0.9_r008,stagewise_boosting,0.3728679018727403,0.4648967699908342,1,no_supported_proposal,0.0,0.8377646718635745,0.3370004476377843,0.0772745503159062,0.12881439238453907,0.15433945194334048
0.9,p10_g2_rho0.9_r009,baseline,0.6540071879653782,0.6744896862750578,1,baseline,0.0,1.328496874240436,0.46828763548778746,0.10972590731571516,0.20231764815899198,0.07286011090868565
0.9,p10_g2_rho0.9_r009,original,0.34552146652812227,0.3729169238234216,10,component_cap,9.030508770013886e-05,0.7184383903515439,0.3138048437969468,0.0736765824407472,0.14083004003918348,0.08105229306937782
0.9,p10_g2_rho0.9_r009,frozen_refinement,0.5469939818663051,0.5784088883765534,10,component_cap,0.00017319256086123833,1.1254028702428585,0.39721829020715826,0.10254889070030782,0.19082940597131995,0.07177175837456073
0.9,p10_g2_rho0.9_r009,stagewise_boosting,0.25310576483339564,0.5322562318845143,9,time_limit,0.00021148981007795782,0.78536199671791,0.26931330639757445,0.06451525633258803,0.09633750023067832,0.08305318652594851
0.9,p10_g2_rho0.9_r010,baseline,0.668593849130581,0.5355765476688528,1,baseline,0.0,1.2041703967994337,0.47236087768575613,0.11311565645885202,0.18894716688171648,0.05473272523798357
0.9,p10_g2_rho0.9_r010,original,0.3787407645567361,0.2843053600557065,10,component_cap,6.281789367643908e-05,0.6630461246124426,0.3323611876762298,0.07710998663676442,0.1298921288708494,0.055530680458672
0.9,p10_g2_rho0.9_r010,frozen_refinement,0.6295367445814243,0.459815352202147,9,time_limit,0.00025622438392583415,1.0893520967835713,0.45992376179099814,0.10904812197899583,0.18447739583136818,0.054928638192387365
0.9,p10_g2_rho0.9_r010,stagewise_boosting,0.41178935091048996,0.42115179826019644,9,time_limit,9.680691131577255e-05,0.8329411491706864,0.35970156129397846,0.08776559807510581,0.13765386102635851,0.05686304398714113
0.9,p10_g2_rho0.9_r011,baseline,0.886994218651424,0.565052816538525,1,baseline,0.0,1.452047035189949,0.5456892279942188,0.13316341964464956,0.23026765227433357,0.17080960838129658
0.9,p10_g2_rho0.9_r011,original,0.5867707078680648,0.38705249300536093,10,component_cap,9.620918549728786e-05,0.9738232008734258,0.4597852184561911,0.0995655685080931,0.1786007939954667,0.1665526367343104
0.9,p10_g2_rho0.9_r011,frozen_refinement,0.531475720099313,0.668409810496267,9,time_limit,9.74398214200144e-05,1.19988553059558,0.3973665232337079,0.0921557177951879,0.17868540685003678,0.14996185267461568
0.9,p10_g2_rho0.9_r011,stagewise_boosting,0.14914419436540857,0.7005740732087384,9,time_limit,0.00018935303217426858,0.849718267574147,0.21630440145444302,0.04278870931490496,0.07210496847844534,0.11774818265119086
0.9,p10_g2_rho0.9_r012,baseline,0.8564026825039774,0.5620071658547645,1,baseline,0.0,1.418409848358742,0.5234054720342973,0.13789836207078138,0.21814863477728516,0.052932836049141514
0.9,p10_g2_rho0.9_r012,original,0.6088072403983774,0.3246257795419253,10,component_cap,0.0003005842909064158,0.9334330199403027,0.4402294127283237,0.10610980172199987,0.17248058944432496,0.05196231313967702
0.9,p10_g2_rho0.9_r012,frozen_refinement,0.4699103967157801,0.49713709245439003,10,component_cap,5.966392641655369e-05,0.9670474891701701,0.38466935451059453,0.07555763724166052,0.15623750148592244,0.05779954433733444
0.9,p10_g2_rho0.9_r012,stagewise_boosting,0.30137900265096745,0.46477050696451344,4,no_supported_proposal,4.815279460480033e-05,0.7661495096154809,0.3174740593696315,0.06594384738545685,0.10786728519105118,0.058671612479574135
0.9,p10_g2_rho0.9_r013,baseline,0.2817669258266416,0.4215630475850635,1,baseline,0.0,0.7033299734117051,0.3164397032150508,0.06207089520830197,0.09739372715134069,0.16998237416416595
0.9,p10_g2_rho0.9_r013,original,0.10332346768743814,0.2304680628471805,10,component_cap,8.464807857084638e-05,0.33379153053461863,0.1529491602547597,0.033682204262029614,0.06818838748641874,0.168016921694542
0.9,p10_g2_rho0.9_r013,frozen_refinement,0.19868472317816624,0.37022740464501613,9,time_limit,0.00011904674613670887,0.5689121278231823,0.24663126931837137,0.05293602707691909,0.091759080397534,0.1702721128512438
0.9,p10_g2_rho0.9_r013,stagewise_boosting,0.17407073207326962,0.37381199824502287,8,time_limit,0.00018980605643805588,0.5478827303182925,0.2229640629046576,0.049853815801168475,0.0831475757660845,0.1656047701729096
0.9,p10_g2_rho0.9_r014,baseline,0.3104710329803946,0.41529992705012875,1,baseline,0.0,0.7257709600305233,0.31638829957945386,0.06903459935619506,0.12274876291000567,0.004838961640766185
0.9,p10_g2_rho0.9_r014,original,0.17127306505674358,0.2583409939947232,10,component_cap,0.0001951214074642893,0.42961405905146677,0.19938595387622168,0.04457920543456263,0.09729834391929064,0.005621651032582103
0.9,p10_g2_rho0.9_r014,frozen_refinement,0.2906624880909257,0.36380384411616745,9,time_limit,0.00013148715621593579,0.6544663322070932,0.3001756284827475,0.06657279211571403,0.12064484840383954,0.0057186734007232684
0.9,p10_g2_rho0.9_r014,stagewise_boosting,0.3104710329803946,0.41529992705012875,1,no_supported_proposal,0.0,0.7257709600305233,0.31638829957945386,0.06903459935619506,0.12274876291000567,0.004838961640766185
0.9,p10_g2_rho0.9_r015,baseline,0.19847450363044267,0.37271518518726104,1,baseline,0.0,0.5711896888177037,0.2636479680771119,0.04989321534244323,0.06645059952009032,0.11655061235670734
0.9,p10_g2_rho0.9_r015,original,0.06691190654219566,0.2081239384892722,10,component_cap,0.00019911562306522052,0.27503584503146783,0.11553089991267192,0.025202487033320852,0.03819445054386097,0.1206795585580509
0.9,p10_g2_rho0.9_r015,frozen_refinement,0.14697380565669593,0.3305591922564056,8,time_limit,9.928451077770523e-05,0.47753299791310155,0.21719092804489787,0.04330609961356703,0.06256674519156469,0.11732424591077444
0.9,p10_g2_rho0.9_r015,stagewise_boosting,0.14703447569645736,0.30243378242853025,8,time_limit,0.00017137129979961457,0.4494682581249876,0.1909988069639891,0.043888827730112934,0.05023591082430482,0.11468300410495494
0.9,p10_g2_rho0.9_r016,baseline,0.8141179603344445,0.5310935688139774,1,baseline,0.0,1.345211529148422,0.5112310523112854,0.1276541345966125,0.1340856056709514,0.12067991790147105
0.9,p10_g2_rho0.9_r016,original,0.2101437680242835,0.3333899999470493,10,component_cap,6.942486128343025e-05,0.5435337679713328,0.25720644964873157,0.046864601693497404,0.07341910407215478,0.12967953515010192
0.9,p10_g2_rho0.9_r016,frozen_refinement,0.5301834848017035,0.49278195624320653,9,time_limit,6.201870578316221e-05,1.02296544104491,0.41366340313313565,0.08802870035545211,0.1161394279383853,0.13382119833500306
0.9,p10_g2_rho0.9_r016,stagewise_boosting,0.18921864697823165,0.4117939002451948,4,no_supported_proposal,1.4729127242455993e-05,0.6010125472234265,0.26594379482991004,0.046540288406987915,0.06137791430010405,0.1442829843247393
0.9,p10_g2_rho0.9_r017,baseline,0.4237214617772411,0.4712156617501859,1,baseline,0.0,0.894937123527427,0.36737443690400073,0.08819898034843658,0.1668716187240273,0.09953346600129308
0.9,p10_g2_rho0.9_r017,original,0.2316442556230613,0.25231739241373524,10,component_cap,2.5005037077034645e-05,0.48396164803679653,0.24389115247859125,0.058209216325250376,0.13050968093092982,0.10105249910493354
0.9,p10_g2_rho0.9_r017,frozen_refinement,0.4032296257405182,0.4614190591451472,4,no_supported_proposal,9.580606317561997e-05,0.8646486848856654,0.3661421334052287,0.08194702063489549,0.13543304338595774,0.10019887987246157
0.9,p10_g2_rho0.9_r017,stagewise_boosting,0.30764180364166044,0.48918695543976093,3,no_supported_proposal,5.861424892867122e-05,0.7968287590814214,0.304497521143869,0.06980780281008218,0.1230968765591688,0.09819758060031337
0.9,p10_g2_rho0.9_r018,baseline,0.4954108171618416,0.5039750049711798,1,baseline,0.0,0.9993858221330214,0.40771809039252116,0.08858169684149324,0.20587496148982684,0.07671809664589802
0.9,p10_g2_rho0.9_r018,original,0.2228289452765883,0.30973091279919723,10,component_cap,8.353607394242553e-05,0.5325598580757855,0.24948926971772423,0.05244105310458995,0.1412516718944615,0.08118315784085865
0.9,p10_g2_rho0.9_r018,frozen_refinement,0.4467281144099168,0.4576242539094061,10,component_cap,0.00022591487969961065,0.9043523683193229,0.38995111079695716,0.08321912506478837,0.20430125216085193,0.07689427232699705
0.9,p10_g2_rho0.9_r018,stagewise_boosting,0.24731473379566496,0.393481437713302,9,time_limit,0.00033628285055029987,0.640796171508967,0.2648943574654813,0.06476707773700131,0.09190017909614931,0.07958139626200611
0.9,p10_g2_rho0.9_r019,baseline,0.9564167699955931,0.6862425651657261,1,baseline,0.0,1.6426593351613192,0.5662938375970547,0.14992441066305376,0.2794394123583659,0.1889286657656756
0.9,p10_g2_rho0.9_r019,original,0.5918044229979252,0.3734583671922628,10,component_cap,3.165127284889668e-05,0.965262790190188,0.4404698722045368,0.1075804183708848,0.19591377680261707,0.16264274368155196
0.9,p10_g2_rho0.9_r019,frozen_refinement,0.5500850583408256,0.5919780470784995,9,time_limit,0.000207675797932083,1.142063105419325,0.40849108156411357,0.09996570316483591,0.17360922192412714,0.11932889502129967
0.9,p10_g2_rho0.9_r019,stagewise_boosting,0.5871464740096349,0.499258687805871,8,time_limit,0.00011673635916510186,1.086405161815506,0.42961015955536713,0.11076331220181071,0.1775809626917934,0.14429032258868096
0.9,p10_g2_rho0.9_r020,baseline,0.6607653524806636,0.4798961688127108,1,baseline,0.0,1.1406615212933744,0.4604553284353098,0.11531192852249135,0.18868477001160494,0.04856120765712063
0.9,p10_g2_rho0.9_r020,original,0.45923824737780117,0.2788793192987986,10,component_cap,7.964101386782915e-05,0.7381175666765998,0.37190681405833337,0.08587170973880057,0.14759299369591866,0.05265683619124205
0.9,p10_g2_rho0.9_r020,frozen_refinement,0.6038303098769491,0.4410558851222375,10,component_cap,0.00012709146519933572,1.0448861949991866,0.4318373861267635,0.10979141188290545,0.18216871898367099,0.04856958283835198
0.9,p10_g2_rho0.9_r020,stagewise_boosting,0.6607653524806636,0.4798961688127108,1,no_supported_proposal,0.0,1.1406615212933744,0.4604553284353098,0.11531192852249135,0.18868477001160494,0.04856120765712063
0.9,p10_g2_rho0.9_r021,baseline,0.1828439587973221,0.38727408618717485,1,baseline,0.0,0.5701180449844969,0.26703726638350633,0.04734430206095625,0.058987946520108074,0.047851577383781305
0.9,p10_g2_rho0.9_r021,original,0.04714986458881253,0.20298148708153507,10,component_cap,0.000134191168303526,0.2501313516703476,0.10559038259002436,0.023056557472888213,0.036722131398062845,0.04645110192621364
0.9,p10_g2_rho0.9_r021,frozen_refinement,0.1310069117526386,0.33640016639767756,9,time_limit,0.0002190370924385175,0.4674070781503161,0.21606851688199638,0.04091652073273153,0.05503907730643118,0.04795167989721976
0.9,p10_g2_rho0.9_r021,stagewise_boosting,0.1828439587973221,0.38727408618717485,1,no_supported_proposal,0.0,0.5701180449844969,0.26703726638350633,0.04734430206095625,0.058987946520108074,0.047851577383781305
0.9,p10_g2_rho0.9_r022,baseline,0.3406924866555236,0.4995557218653737,1,baseline,0.0,0.8402482085208973,0.3475129523743174,0.06606011868383288,0.153238543479801,0.10396738473878046
0.9,p10_g2_rho0.9_r022,original,0.10229230607691474,0.3253257644464438,10,component_cap,6.593516456052627e-05,0.42761807052335854,0.169363323080903,0.035448376893065424,0.0879719413753711,0.10482785248058787
0.9,p10_g2_rho0.9_r022,frozen_refinement,0.26006527819657244,0.4469140627339794,10,component_cap,6.576913247642114e-05,0.7069793409305518,0.29992719408387375,0.05849943245837452,0.14886511554381443,0.10569775490439445
0.9,p10_g2_rho0.9_r022,stagewise_boosting,0.3406924866555236,0.4995557218653737,1,no_supported_proposal,0.0,0.8402482085208973,0.3475129523743174,0.06606011868383288,0.153238543479801,0.10396738473878046
0.9,p10_g2_rho0.9_r023,baseline,1.08731539696071,0.5570345037096747,1,baseline,0.0,1.6443499006703846,0.6096389706919666,0.16697590233528475,0.1899283559034922,0.1665522902203245
0.9,p10_g2_rho0.9_r023,original,0.8340257591756538,0.3404588188831129,10,component_cap,0.00011977528147371761,1.1744845780587667,0.5437737607538345,0.13176786497417353,0.1444782330975933,0.1507582085279438
0.9,p10_g2_rho0.9_r023,frozen_refinement,1.0189374949469305,0.5054102152984916,10,component_cap,9.209583607602104e-05,1.5243477102454221,0.5906344545365159,0.16090531937916883,0.1853894414997743,0.16124291364943794
0.9,p10_g2_rho0.9_r023,stagewise_boosting,0.25784825968756303,0.4235177870993497,8,no_supported_proposal,7.784638458664287e-05,0.6813660467869127,0.27305138632746084,0.06553292408917752,0.10730789896235637,0.11419044697162493
0.9,p10_g2_rho0.9_r024,baseline,1.0469878559283692,0.6235687515833157,1,baseline,0.0,1.6705566075116849,0.5805821669153213,0.13753069806217216,0.2326602361013095,0.014622986625403591
0.9,p10_g2_rho0.9_r024,original,0.6533889808723677,0.30691074735892354,10,component_cap,5.779650529925684e-05,0.9602997282312913,0.4628997038156469,0.0942941198362327,0.1394007166441903,0.019214687764997598
0.9,p10_g2_rho0.9_r024,frozen_refinement,0.5273782671092512,0.5054676611703478,9,time_limit,6.9851123452675e-05,1.032845928279599,0.4285708958402906,0.06997680480693562,0.21066430867308567,0.02950920480573552
0.9,p10_g2_rho0.9_r024,stagewise_boosting,0.2317389166537786,0.3699695758965796,9,time_limit,0.00013744026321231602,0.6017084925503582,0.24749602126849662,0.045142730622706816,0.05397295835907719,0.04178046454113066
0.9,p10_g2_rho0.9_r025,baseline,0.3387074723227243,0.4914376096241569,1,baseline,0.0,0.8301450819468812,0.3301829969024682,0.07253820153776494,0.11252244305261215,0.20288288194676093
0.9,p10_g2_rho0.9_r025,original,0.19208192998885237,0.2763202606517791,10,component_cap,0.00013424059550437204,0.4684021906406315,0.2135822712148094,0.05151791234147278,0.08888077293409775,0.2025048419206947
0.9,p10_g2_rho0.9_r025,frozen_refinement,0.2702602397601815,0.403047438858453,10,component_cap,0.00022717208799144284,0.6733076786186345,0.27487717919915033,0.06494345364957455,0.10714140194159903,0.2045993424433129
0.9,p10_g2_rho0.9_r025,stagewise_boosting,0.2611890405826942,0.38354948168242786,8,time_limit,0.00023773921433206904,0.6447385222651221,0.28269861386859507,0.06491534721580779,0.09381960672521039,0.2079008245014973
0.9,p10_g2_rho0.9_r026,baseline,0.7214500292834929,0.5733932720942603,1,baseline,0.0,1.2948433013777532,0.47712853005588907,0.12289216280427917,0.18992681584619728,0.09476250234722787
0.9,p10_g2_rho0.9_r026,original,0.49476298961452897,0.36264122088946465,10,component_cap,9.82806311261011e-05,0.8574042105039936,0.3916084372996399,0.09249607444020337,0.14785296221726035,0.08452665213087254
0.9,p10_g2_rho0.9_r026,frozen_refinement,0.5929594246206643,0.5701681971628948,8,no_supported_proposal,3.859268277126969e-05,1.163127621783559,0.44390604454475846,0.0988227575843485,0.16845125136842917,0.0877255161935429
0.9,p10_g2_rho0.9_r026,stagewise_boosting,0.21178869724144622,0.4851314356910157,9,time_limit,0.00020972129692140576,0.6969201329324619,0.26315188212032026,0.053177915794884956,0.07758712873937117,0.05093348072887763
0.9,p10_g2_rho0.9_r027,baseline,0.9947763208978238,0.5480914761463858,1,baseline,0.0,1.5428677970442095,0.5732408060106026,0.1647490458221002,0.275192171590782,0.2510817862917746
0.9,p10_g2_rho0.9_r027,original,0.7190500339658693,0.3483244136018603,10,component_cap,0.00016203545610331518,1.0673744475677296,0.48850352978191675,0.12974906906460518,0.21425538693336893,0.23820819108102326
0.9,p10_g2_rho0.9_r027,frozen_refinement,0.48788879950810077,0.4830889613943989,9,time_limit,0.00014859398619111134,0.9709777609024997,0.38256684492027265,0.09241103928283617,0.16237902014150796,0.20059298766759492
0.9,p10_g2_rho0.9_r027,stagewise_boosting,0.5270773537204367,0.4684987292154328,8,time_limit,8.066127022126257e-05,0.9955760829358695,0.4037668134001603,0.11030265861023562,0.1616190824417654,0.1843969792571499
0.9,p10_g2_rho0.9_r028,baseline,1.207259356740888,0.5883103751617504,1,baseline,0.0,1.7955697319026385,0.6452175726905263,0.18289279687938648,0.20867678480799015,0.02968339758761147
0.9,p10_g2_rho0.9_r028,original,0.9491316511160091,0.3163212984467054,10,component_cap,0.00019048537916595314,1.2654529495627145,0.5920729329514304,0.1491455925716783,0.16147240421070908,0.031420920837483365
0.9,p10_g2_rho0.9_r028,frozen_refinement,0.9267419146226763,0.5950690993544876,9,time_limit,0.00016853035984850303,1.521811013977164,0.5440930048605788,0.11440686449027948,0.18597844429965912,0.04265588065519789
0.9,p10_g2_rho0.9_r028,stagewise_boosting,0.4302041689680022,0.4863867936334304,7,no_supported_proposal,2.4326380003086713e-05,0.9165909626014326,0.3534091538634367,0.0763784687291175,0.10667245351041336,0.05607187521663416
0.9,p10_g2_rho0.9_r029,baseline,1.0801986085018949,0.6226531281048655,1,baseline,0.0,1.7028517366067604,0.6074024926183543,0.1579909342882194,0.21788733726218854,0.09616774467289915
0.9,p10_g2_rho0.9_r029,original,0.7255671542403135,0.39874086570741984,10,component_cap,8.950453570058821e-05,1.1243080199477333,0.5136248887485438,0.11927449075532288,0.15629807039886326,0.09535940657626343
0.9,p10_g2_rho0.9_r029,frozen_refinement,0.8647745486858026,0.59355704161178,10,component_cap,0.00017307921604495067,1.4583315902975826,0.5295025230208629,0.13932397405930347,0.19724779036113485,0.09612740875403647
0.9,p10_g2_rho0.9_r029,stagewise_boosting,0.7005796476406447,0.37612644277649543,8,time_limit,0.0002006677524090108,1.0767060904171402,0.49657276218964963,0.11532790548800649,0.14045437995533672,0.098938441683314
0.9,p10_g2_rho0.9_r030,baseline,0.8757454864419051,0.6319652465636617,1,baseline,0.0,1.5077107330055668,0.5417779354584065,0.12955598964738957,0.16836231158502935,0.09198244231978887
0.9,p10_g2_rho0.9_r030,original,0.10790210331415875,0.3443703997077008,10,component_cap,0.00010929212129565468,0.4522725030218595,0.18453989523160788,0.03100301132163884,0.053792537337845274,0.11599291808759378
0.9,p10_g2_rho0.9_r030,frozen_refinement,0.2995153211565504,0.4804251192522149,10,component_cap,0.00016601441976386933,0.7799404404087653,0.3261361844455396,0.05999314131599113,0.11012319563019435,0.1272995849922562
0.9,p10_g2_rho0.9_r030,stagewise_boosting,0.20957060993095014,0.4583970000449108,9,time_limit,5.7002489352191554e-05,0.6679676099758609,0.25963039706261565,0.057877221991010565,0.08140038858369716,0.13003315545233904
0.9,p10_g2_rho0.9_r031,baseline,0.5482070247115621,0.4963585750076299,1,baseline,0.0,1.044565599719192,0.4172704985910378,0.10393650483848962,0.2150436958503158,0.022093937735042
0.9,p10_g2_rho0.9_r031,original,0.3427653313815763,0.31987263688250256,10,component_cap,0.00015846836459934113,0.6626379682640788,0.3165257598913107,0.07547474392105473,0.17385852720200412,0.022517218899080753
0.9,p10_g2_rho0.9_r031,frozen_refinement,0.2882602201156946,0.45954051367851284,5,no_supported_proposal,6.155662596324672e-05,0.7478007337942074,0.31715904905592196,0.06373296448042792,0.09766009574502785,0.027297742013009548
0.9,p10_g2_rho0.9_r031,stagewise_boosting,0.28987688859150157,0.466229163321272,2,no_supported_proposal,4.925208103234039e-07,0.7561060519127736,0.3180951539296002,0.06333601336684411,0.09815782950429229,0.02728684414394934
0.9,p10_g2_rho0.9_r032,baseline,0.5730099053008841,0.5148086121408626,1,baseline,0.0,1.0878185174417467,0.42424855215946194,0.10362684361634748,0.18726164494855,0.010189117862805543
0.9,p10_g2_rho0.9_r032,original,0.37481326698169,0.3027269251474178,10,component_cap,0.00011340509959828557,0.6775401921291078,0.32759084741690797,0.07348375503414126,0.14016623968328992,0.010817586230101373
0.9,p10_g2_rho0.9_r032,frozen_refinement,0.2385029803568272,0.4445440399264769,9,time_limit,7.48098433781564e-05,0.6830470202833041,0.27432792664063854,0.05309801613336222,0.08907821412877907,0.016711174160618333
0.9,p10_g2_rho0.9_r032,stagewise_boosting,0.252559368279684,0.4318986327776882,9,time_limit,0.00016072084575288027,0.6844580010573722,0.2734398958429957,0.05805338132226506,0.08883502292284022,0.02109371248296298
0.9,p10_g2_rho0.9_r033,baseline,0.3506652045433287,0.4194340335035318,1,baseline,0.0,0.7700992380468605,0.32532056292938627,0.07774826062355587,0.10997582003429886,0.06386669369018681
0.9,p10_g2_rho0.9_r033,original,0.21998326847717384,0.24707693049508886,10,component_cap,0.00018701899569889625,0.4670601989722627,0.22562369155495232,0.05397666921645292,0.09116629093632674,0.0646857134266044
0.9,p10_g2_rho0.9_r033,frozen_refinement,0.31020381679575937,0.36940698468001554,10,component_cap,0.00015740539915177197,0.6796108014757749,0.2997948693698169,0.07178519948423293,0.10704320429449088,0.06794921141625608
0.9,p10_g2_rho0.9_r033,stagewise_boosting,0.2967575418426781,0.3615478936880786,9,time_limit,0.00010836583819104806,0.6583054355307567,0.29024600199366846,0.0728613041047814,0.09916602983450785,0.06276224551035119
0.9,p10_g2_rho0.9_r034,baseline,0.7938995464119896,0.6775583667669625,1,baseline,0.0,1.471457913178952,0.48528955726332945,0.13405679222745603,0.23373811633805255,0.2326022602522716
0.9,p10_g2_rho0.9_r034,original,0.48658725735944913,0.3568987326640463,10,component_cap,0.00013322969505438076,0.8434859900234954,0.38713323300089114,0.09511870774706271,0.1782587570525603,0.2102798722857371
0.9,p10_g2_rho0.9_r034,frozen_refinement,0.5311361967246231,0.6581052879139062,10,component_cap,8.543977003222275e-05,1.1892414846385293,0.412780807890493,0.08853364286544343,0.1353950047585349,0.2051062570569715
0.9,p10_g2_rho0.9_r034,stagewise_boosting,0.2845030488878352,0.6957151720746068,10,component_cap,7.494976347498335e-05,0.9802182209624419,0.2964378026512314,0.0682151590777266,0.10786285071698551,0.184431544222328
0.9,p10_g2_rho0.9_r035,baseline,0.4528928680918089,0.6219254831240444,1,baseline,0.0,1.0748183512158533,0.37971577673667356,0.08866184113621423,0.14771080807463763,0.03797313036285323
0.9,p10_g2_rho0.9_r035,original,0.20479428609316008,0.3275038068963253,10,component_cap,7.766790941340474e-05,0.5322980929894854,0.22687138610553384,0.05124924281432901,0.1037786393190471,0.04296039323160566
0.9,p10_g2_rho0.9_r035,frozen_refinement,0.2525542444819077,0.5592148653248248,8,time_limit,0.00010637645409313737,0.8117691098067326,0.295584885233321,0.05914784296998123,0.07352223349173276,0.042017267831480506
0.9,p10_g2_rho0.9_r035,stagewise_boosting,0.19169805916703767,0.535144964209906,10,component_cap,0.0001101039508426383,0.7268430233769436,0.22392321086329525,0.05375941886152371,0.05650459492424957,0.044229308783667716
0.9,p10_g2_rho0.9_r036,baseline,0.6484389501402738,0.4531865754396244,1,baseline,0.0,1.1016255255798981,0.4488733471124532,0.11267927751298228,0.10739990139687254,0.10292236645475923
0.9,p10_g2_rho0.9_r036,original,0.08080420889654517,0.28439195822787144,10,component_cap,6.979618284572247e-05,0.3651961671244166,0.15481724769459645,0.0331579542586075,0.04523352013804913,0.11538772167681365
0.9,p10_g2_rho0.9_r036,frozen_refinement,0.5954209278952659,0.4147051305367059,10,component_cap,0.00013331569128824586,1.0101260584319718,0.4330419837424374,0.1076778962896368,0.10340887297011678,0.10279200502019156
0.9,p10_g2_rho0.9_r036,stagewise_boosting,0.29416357676494265,0.32223899036972803,7,no_supported_proposal,0.0001338653210792157,0.6164025671346707,0.2694747860605523,0.06699084308261838,0.05618359316622354,0.11169923301218679
0.9,p10_g2_rho0.9_r037,baseline,0.7629653433028373,0.6632794101329801,1,baseline,0.0,1.4262447534358174,0.5077278897492805,0.1236230141565486,0.23136976220572683,0.12316008024993819
0.9,p10_g2_rho0.9_r037,original,0.40826054451051663,0.38736970094669443,10,component_cap,0.00021878718640411972,0.7956302454572111,0.3609298826755733,0.084506693392327,0.16573590046288755,0.1322073570094353
0.9,p10_g2_rho0.9_r037,frozen_refinement,0.5494729427161846,0.5497018536077161,10,component_cap,0.00023083859128392251,1.0991747963239007,0.43040991522973837,0.10359288425485866,0.21285878389971782,0.12183011496916174
0.9,p10_g2_rho0.9_r037,stagewise_boosting,0.23160430696288106,0.47863807136913805,8,time_limit,0.00030008375869004854,0.7102423783320191,0.28148524999011243,0.06209745086266748,0.08622515090564908,0.15068848777661709
0.9,p10_g2_rho0.9_r038,baseline,0.39328352735780925,0.5198923869999987,1,baseline,0.0,0.913175914357808,0.3752624619404114,0.077658299675076,0.11975750438086886,0.16603272028022714
0.9,p10_g2_rho0.9_r038,original,0.14169950208993856,0.26839309848583426,10,component_cap,0.00014301838425032838,0.4100926005757728,0.19712561521454108,0.044711998417410824,0.07004910767737933,0.17297139727691666
0.9,p10_g2_rho0.9_r038,frozen_refinement,0.3101864914781389,0.48561679529354773,9,time_limit,6.791784398460685e-05,0.7958032867716867,0.33844790682935366,0.06518778145037549,0.1055476186011462,0.16749231398021935
0.9,p10_g2_rho0.9_r038,stagewise_boosting,0.1758664577390197,0.43526361754453496,5,no_supported_proposal,0.00014635795944614442,0.6111300752835547,0.23017967585386,0.050499101999086915,0.07888275240043992,0.17215506668110192
0.9,p10_g2_rho0.9_r039,baseline,0.3347617172158293,0.4962790187737029,1,baseline,0.0,0.8310407359895322,0.33486572797742914,0.06884012280546034,0.13755968131075927,0.191550160045032
0.9,p10_g2_rho0.9_r039,original,0.13494735350545087,0.2762435128935741,10,component_cap,2.1242038541603707e-05,0.4111908663990249,0.18872110348344273,0.039572081247503596,0.08673081498626833,0.1969565381442823
0.9,p10_g2_rho0.9_r039,frozen_refinement,0.19250947624121773,0.3761225914469174,9,time_limit,5.517910768282108e-05,0.5686320676881351,0.2373495967969587,0.05155553617928059,0.10918551629600558,0.193956043527973
0.9,p10_g2_rho0.9_r039,stagewise_boosting,0.16187016252050454,0.5113801562982689,4,no_supported_proposal,0.00012490815521230489,0.6732503188187735,0.2288859319626896,0.04742072430351082,0.04060857445890481,0.19578150579486198
0.9,p10_g2_rho0.9_r040,baseline,0.7714340107856341,0.5914340041243011,1,baseline,0.0,1.3628680149099353,0.5031066706223708,0.13230533539796113,0.28067428328932886,0.1817620620136147
0.9,p10_g2_rho0.9_r040,original,0.5189457697948491,0.4211304421384533,10,component_cap,7.016113900101835e-05,0.9400762119333024,0.41293578725632923,0.10256974472602773,0.23858854343555008,0.1707788183352189
0.9,p10_g2_rho0.9_r040,frozen_refinement,0.4505004600155894,0.5367673249454304,10,component_cap,4.811831315096358e-05,0.9872677849610199,0.3739464878294654,0.08258309350178475,0.15610772130679867,0.13260974701610448
0.9,p10_g2_rho0.9_r040,stagewise_boosting,0.4775755267256206,0.5249821389929206,4,no_supported_proposal,3.358874360387139e-05,1.002557665718541,0.3886624341991502,0.08448273710341467,0.15801625810405104,0.12407359737618931
0.9,p10_g2_rho0.9_r041,baseline,0.7732938167864847,0.5164190586452475,1,baseline,0.0,1.2897128754317322,0.5041051249371965,0.1345732579855104,0.2501466002452016,0.13071495009220435
0.9,p10_g2_rho0.9_r041,original,0.5072190468594819,0.2908617621419516,10,component_cap,8.364797082950147e-05,0.7980808090014335,0.4017040524588771,0.09950445147867626,0.19672858213403727,0.131329473350853
0.9,p10_g2_rho0.9_r041,frozen_refinement,0.6533985066509524,0.4594140659468442,10,component_cap,0.0001310327770396044,1.1128125725977966,0.454658770687078,0.12259655728929389,0.24298210324035088,0.12824333391419165
0.9,p10_g2_rho0.9_r041,stagewise_boosting,0.7732938167864847,0.5164190586452475,1,no_supported_proposal,0.0,1.2897128754317322,0.5041051249371965,0.1345732579855104,0.2501466002452016,0.13071495009220435
0.9,p10_g2_rho0.9_r042,baseline,0.4263768436027533,0.4917717731468869,1,baseline,0.0,0.9181486167496402,0.3706940152847064,0.08646426265980552,0.14626397272574948,0.06698658553579159
0.9,p10_g2_rho0.9_r042,original,0.23496723934638022,0.30172524294786207,10,component_cap,4.782494619781736e-05,0.5366924822942423,0.25540552286644513,0.057262740137628956,0.11701114949500883,0.0669538100035675
0.9,p10_g2_rho0.9_r042,frozen_refinement,0.2846705391418559,0.46755178395822916,10,component_cap,2.369003988631914e-05,0.7522223231000851,0.3041820529375601,0.06289174922383733,0.08623037996314331,0.0642387572628985
0.9,p10_g2_rho0.9_r042,stagewise_boosting,0.19663062681592242,0.48445157033138225,5,no_supported_proposal,0.00012584887328275705,0.6810821971473047,0.25541344736659216,0.05310009022588065,0.07901010550784603,0.06313609291416333
0.9,p10_g2_rho0.9_r043,baseline,0.5827556180282789,0.5838273151437514,1,baseline,0.0,1.1665829331720303,0.42791053135695084,0.10319240253683204,0.1915891172617667,0.040826618076021594
0.9,p10_g2_rho0.9_r043,original,0.3361822071297713,0.3287650511903404,10,component_cap,7.42050425393413e-05,0.6649472583201117,0.3101409299567152,0.07102886112914135,0.1585651176311597,0.04131352869475878
0.9,p10_g2_rho0.9_r043,frozen_refinement,0.5182402482234387,0.4957025624986038,9,time_limit,0.00014518674728656675,1.0139428107220425,0.3983463500271975,0.09637736804592374,0.18783820564907988,0.04474883047897325
0.9,p10_g2_rho0.9_r043,stagewise_boosting,0.3289717748688395,0.48239587398512723,10,component_cap,0.00022655430373300314,0.8113676488539667,0.3316979941995514,0.07839686490393041,0.11707316223189135,0.042329843900735444
0.9,p10_g2_rho0.9_r044,baseline,0.7518176890429557,0.7692193860726094,1,baseline,0.0,1.521037075115565,0.5019854469440438,0.10456590417624548,0.20587567595950504,0.049164320596813936
0.9,p10_g2_rho0.9_r044,original,0.2290804839116717,0.43300063839250813,10,component_cap,7.483531248496467e-05,0.6620811223041798,0.3006618877507245,0.05578023341177859,0.1261736474163592,0.049827231154504166
0.9,p10_g2_rho0.9_r044,frozen_refinement,0.392366394950829,0.5549521423065662,10,component_cap,2.0603874719430412e-05,0.9473185372573951,0.3992053278468582,0.06956831612170708,0.14461399989916146,0.04948482308996479
0.9,p10_g2_rho0.9_r044,stagewise_boosting,0.23787935620617764,0.6645618803593234,8,time_limit,0.00010134963887203701,0.902441236565501,0.2957841700264936,0.05108178185022194,0.12876074233246695,0.051298926484056886
0.9,p10_g2_rho0.9_r045,baseline,0.39839981984820244,0.4343823302244291,1,baseline,0.0,0.8327821500726316,0.34400216302386916,0.08288040941045391,0.13003231736057588,0.05521450817391908
0.9,p10_g2_rho0.9_r045,original,0.26001191058932377,0.26103023769088524,10,component_cap,0.00015948421761239907,0.521042148280209,0.25440575973381874,0.059549821541251415,0.11121379509732632,0.05534388990663391
0.9,p10_g2_rho0.9_r045,frozen_refinement,0.34878376511135556,0.38732704043289445,9,time_limit,0.0001831259267245734,0.73611080554425,0.3056290409851457,0.076853793825982,0.12647088233398937,0.05428082768395556
0.9,p10_g2_rho0.9_r045,stagewise_boosting,0.21786835716065978,0.3871052772449858,9,time_limit,0.0001277597704360299,0.6049736344056456,0.2464436919114779,0.060354139937100884,0.08188604507303585,0.061237015780299726
0.9,p10_g2_rho0.9_r046,baseline,0.47164741083673134,0.5613963816165531,1,baseline,0.0,1.0330437924532845,0.37026607319132704,0.09870014521805265,0.14196394369034096,0.1745262973617119
0.9,p10_g2_rho0.9_r046,original,0.319440388255682,0.32810566420900145,10,component_cap,5.991688062897702e-05,0.6475460524646834,0.2910970937289548,0.07268680525631724,0.11984011292426551,0.16999497618582426
0.9,p10_g2_rho0.9_r046,frozen_refinement,0.2420825654618732,0.5361832848151713,4,no_supported_proposal,1.6774736371870902e-05,0.7782658502770445,0.2815502902923579,0.05318630817216545,0.07710791340144856,0.1273642739707668
0.9,p10_g2_rho0.9_r046,stagewise_boosting,0.2665581759261279,0.5247443402927352,5,no_supported_proposal,4.464022872821578e-05,0.7913025162188632,0.28972482218800444,0.05088259515871306,0.07712173085549463,0.1307523873821944
0.9,p10_g2_rho0.9_r047,baseline,0.6560323281555718,0.4757084438676209,1,baseline,0.0,1.1317407720231927,0.46199204996148685,0.1112219518632273,0.1732025608875443,0.11047817342759012
0.9,p10_g2_rho0.9_r047,original,0.4203234756774857,0.2716078698009374,10,component_cap,3.4930102313330496e-05,0.691931345478423,0.35347453441143617,0.07578605440969051,0.12448405310164498,0.09309573931558666
0.9,p10_g2_rho0.9_r047,frozen_refinement,0.5678222394721303,0.4060447171875893,10,component_cap,0.0001925819685924469,0.9738669566597196,0.42521980615096644,0.10252847000970618,0.1644571939949262,0.10460381790907937
0.9,p10_g2_rho0.9_r047,stagewise_boosting,0.6560323281555718,0.4757084438676209,1,no_supported_proposal,0.0,1.1317407720231927,0.46199204996148685,0.1112219518632273,0.1732025608875443,0.11047817342759012
0.9,p10_g2_rho0.9_r048,baseline,0.27056654306908956,0.4288070856313315,1,baseline,0.0,0.6993736287004211,0.31361930669601357,0.061508040450300575,0.10246374757789524,0.1007314641432105
0.9,p10_g2_rho0.9_r048,original,0.1050549755654697,0.2915414382087209,10,component_cap,6.876772678238995e-05,0.39659641377419064,0.15428222768243216,0.03552496146812039,0.07727157774973219,0.1016010506272329
0.9,p10_g2_rho0.9_r048,frozen_refinement,0.24126004973376125,0.37373437698738543,8,time_limit,0.00021644084521459778,0.6149944267211467,0.29081958839866906,0.058574647794894553,0.09970904004498414,0.10199772793137925
0.9,p10_g2_rho0.9_r048,stagewise_boosting,0.21811253815323065,0.3619828369609598,8,time_limit,9.338550738311212e-05,0.5800953751141904,0.2510221871475863,0.053533215300730665,0.08969262472272917,0.09675774293207809
0.9,p10_g2_rho0.9_r049,baseline,0.7448463755887466,0.5586435472614434,1,baseline,0.0,1.30348992285019,0.5239191987123295,0.1192985942110076,0.2390062596224718,0.07149070415869346
0.9,p10_g2_rho0.9_r049,original,0.3517450686485667,0.36322576446906607,10,component_cap,0.00012224296069340753,0.7149708331176328,0.3500477784554592,0.07708893650465665,0.16278082285893533,0.07863034493331358
0.9,p10_g2_rho0.9_r049,frozen_refinement,0.4434692726850003,0.6820343496218229,9,time_limit,0.00011980384693688936,1.125503622306823,0.3712274029917445,0.08848807550830032,0.15664669707874912,0.07661041897361857
0.9,p10_g2_rho0.9_r049,stagewise_boosting,0.2940471874080527,0.624591745661279,4,no_supported_proposal,4.189110755584648e-05,0.9186389330693316,0.27741736786239707,0.07572296638004147,0.14435055870201965,0.08260500398642914
0.99,p10_g2_rho0.99_r000,baseline,2.0274875371527994,0.7997983428022994,1,baseline,0.0,2.827285879955099,0.7958577015204846,0.24970253545132765,0.6232921403543201,0.15971508563902911
0.99,p10_g2_rho0.99_r000,original,1.0223178440177123,0.7524930208767215,10,component_cap,9.348617501161262e-05,1.7748108648944338,0.5869965543299626,0.15294759615208428,0.5318233081464129,0.15536583641206658
0.99,p10_g2_rho0.99_r000,frozen_refinement,1.4478426863710459,0.7084959643763407,9,time_limit,8.684415182821548e-05,2.1563386507473865,0.6865440992857411,0.17678697884483693,0.5690195348373553,0.15226609467347077
0.99,p10_g2_rho0.99_r000,stagewise_boosting,0.8961000714799914,0.5456335979617686,10,component_cap,2.7582829143411222e-05,1.44173366944176,0.5542794499137496,0.0989091072986252,0.5380786790773955,0.1526282036576361
0.99,p10_g2_rho0.99_r001,baseline,1.9358447822677016,0.7797821575120087,1,baseline,0.0,2.7156269397797104,0.7868541375136011,0.24236109439836953,0.4603092173727228,0.054963952629852895
0.99,p10_g2_rho0.99_r001,original,1.5976941499577184,0.7348153295001363,10,component_cap,0.0001812541183182831,2.3325094794578547,0.7276667283958854,0.21617865221802476,0.42835168976518706,0.05457916030466943
0.99,p10_g2_rho0.99_r001,frozen_refinement,1.3038247650412402,0.6826289451563041,9,time_limit,9.366757376949503e-05,1.9864537101975444,0.656159863430229,0.15935591579812464,0.3941151221772005,0.05495652454218417
0.99,p10_g2_rho0.99_r001,stagewise_boosting,0.8768139881026297,0.6395685436885788,9,time_limit,3.001582467878861e-05,1.5163825317912085,0.5383700475513322,0.11680327935090136,0.3240554101457142,0.05893474736837413
0.99,p10_g2_rho0.99_r002,baseline,1.66851126844303,0.7090895062230906,1,baseline,0.0,2.3776007746661207,0.7382035090431244,0.22167405446228056,0.5852178268129474,0.08541350583702594
0.99,p10_g2_rho0.99_r002,original,1.2576144126418392,0.6836889208283203,10,component_cap,4.8620601557382824e-05,1.9413033334701595,0.6597493341287344,0.18793429590167735,0.5282350028636553,0.08592943561575185
0.99,p10_g2_rho0.99_r002,frozen_refinement,1.1776549782820536,0.6590449407716465,3,no_supported_proposal,8.905482140843533e-05,1.8366999190537001,0.6143668716638769,0.14833522303972926,0.4739477287236009,0.08790426111147667
0.99,p10_g2_rho0.99_r002,stagewise_boosting,1.1539791059974547,0.6594156316025519,3,no_supported_proposal,8.226792374369166e-05,1.8133947376000066,0.6083315134824507,0.14695362092033348,0.4760600681262616,0.08752715668467394
0.99,p10_g2_rho0.99_r003,baseline,1.5949102383823728,0.7225788064278149,1,baseline,0.0,2.3174890448101877,0.7248241271480034,0.21454395282503178,0.5893449318098647,0.24309918822230675
0.99,p10_g2_rho0.99_r003,original,0.7252827179518246,0.5913213709509679,10,component_cap,4.3189684961081475e-05,1.3166040889027926,0.4851322143625596,0.1191796349557237,0.5528299554851842,0.2364339130977444
0.99,p10_g2_rho0.99_r003,frozen_refinement,1.1426389273128486,0.642187303438849,8,time_limit,9.113460902799396e-05,1.7848262307516976,0.6018073609201882,0.14126003385029073,0.5689682293348749,0.24512973515402428
0.99,p10_g2_rho0.99_r003,stagewise_boosting,0.7959177972875534,0.6219930317766657,7,time_limit,0.00013704162830309785,1.417910829064219,0.5039433518317149,0.12623138463035183,0.5545511252899538,0.24458157718468945
0.99,p10_g2_rho0.99_r004,baseline,1.469160977700713,0.6959911091538131,1,baseline,0.0,2.165152086854526,0.6933155103027087,0.20004616587244134,0.6222308469189916,0.13886449129562436
0.99,p10_g2_rho0.99_r004,original,1.0466898317229234,0.6835351302902086,10,component_cap,6.497832340302436e-05,1.730224962013132,0.6090869437696453,0.16485691744151204,0.563711254495583,0.13861193897758636
0.99,p10_g2_rho0.99_r004,frozen_refinement,1.1773240592825127,0.6772965763507477,7,time_limit,0.00013594192513797433,1.8546206356332604,0.6137005263667155,0.15005221512389239,0.5548173731489648,0.1381984532163042
0.99,p10_g2_rho0.99_r004,stagewise_boosting,1.0177749479231015,0.5767894262448645,7,time_limit,4.532139441355784e-05,1.594564374167966,0.5902991633403132,0.14443677669444827,0.5066229655970081,0.13680712509706522
0.99,p10_g2_rho0.99_r005,baseline,1.8956465640756062,0.720175956520001,1,baseline,0.0,2.615822520595607,0.7779535726621418,0.23764585765682172,0.5147405032076282,0.05782100488236965
0.99,p10_g2_rho0.99_r005,original,1.52605766682907,0.6938951510490323,10,component_cap,0.0002861157265605348,2.2199528178781023,0.7167851056710708,0.20588571954935495,0.4680676517242233,0.057651419947258836
0.99,p10_g2_rho0.99_r005,frozen_refinement,1.3570097209212975,0.6584579753561925,3,no_supported_proposal,8.81807627728323e-05,2.01546769627749,0.6649223139169278,0.15872622916074022,0.4402773919118479,0.05778200635298522
0.99,p10_g2_rho0.99_r005,stagewise_boosting,0.9264427144519289,0.5879829561060759,8,time_limit,0.0001527752322825441,1.5144256705580048,0.5469508564938719,0.12110113667788473,0.33572217637813956,0.05221136408827836
0.99,p10_g2_rho0.99_r006,baseline,1.4444232827035637,0.7472228046095748,1,baseline,0.0,2.1916460873131385,0.6858272820104734,0.2004496071252156,0.6515655225788216,0.051330690196122776
0.99,p10_g2_rho0.99_r006,original,1.062732520522111,0.7250949498490729,10,component_cap,0.00012792939629241136,1.7878274703711838,0.6121929926636673,0.1707797667782169,0.6085396430950579,0.05178989172832921
0.99,p10_g2_rho0.99_r006,frozen_refinement,1.3879064883920151,0.7071710869876753,8,time_limit,0.00033347348512298967,2.0950775753796904,0.6781891797221637,0.1967430605464223,0.6491184758105181,0.0492246792790977
0.99,p10_g2_rho0.99_r006,stagewise_boosting,1.1556735491823313,0.734296533436599,8,time_limit,0.00031018388773972386,1.8899700826189303,0.6379976862391588,0.17342398324505282,0.5778696880461746,0.05141370058448106
0.99,p10_g2_rho0.99_r007,baseline,1.6265939299581156,0.7112678801133221,1,baseline,0.0,2.3378618100714377,0.7285129787497626,0.21582701293804699,0.5873546643001996,0.07353685974256105
0.99,p10_g2_rho0.99_r007,original,1.2161785768937239,0.6830871468227226,10,component_cap,0.00017561775382434006,1.8992657237164465,0.6443966320864425,0.18272442643090703,0.5464643372596034,0.0712419060905036
0.99,p10_g2_rho0.99_r007,frozen_refinement,1.5446573112255058,0.6956292642981916,8,time_limit,0.00011428959498400288,2.2402865755236974,0.7156236005930631,0.21101686861387442,0.5841516929790984,0.07259537948987002
0.99,p10_g2_rho0.99_r007,stagewise_boosting,1.6265939299581156,0.7112678801133221,1,no_supported_proposal,0.0,2.3378618100714377,0.7285129787497626,0.21582701293804699,0.5873546643001996,0.07353685974256105
0.99,p10_g2_rho0.99_r008,baseline,1.5854458870964059,0.8818550894089505,1,baseline,0.0,2.4673009765053564,0.689254032488255,0.19227295778290068,0.847396036558124,0.04116387937986811
0.99,p10_g2_rho0.99_r008,original,1.0014407142534587,0.8718979570949763,10,component_cap,7.480054381193341e-05,1.873338671348435,0.5879781868995227,0.15182408212763177,0.7107798373062268,0.04190730101746692
0.99,p10_g2_rho0.99_r008,frozen_refinement,1.503371163897569,0.9026172698814177,5,no_supported_proposal,0.00015742126803056084,2.4059884337789867,0.6715686992182437,0.17142818216326536,0.8167223830452108,0.04227841977845836
0.99,p10_g2_rho0.99_r008,stagewise_boosting,0.9444361217772684,0.8552612660188398,10,component_cap,0.00020106829141327084,1.7996973877961082,0.5764235187271978,0.12768952560197713,0.6968160461220116,0.04288185640053794
0.99,p10_g2_rho0.99_r009,baseline,1.531935222581702,0.767498634002677,1,baseline,0.0,2.299433856584379,0.6997970731572865,0.20053012790552666,0.6584150425350489,0.08053686004469549
0.99,p10_g2_rho0.99_r009,original,1.0940751563455746,0.7445269250505435,10,component_cap,0.00017643727442174877,1.8386020813961181,0.6185684768918946,0.16775015568445711,0.6101981633378923,0.0812835306346025
0.99,p10_g2_rho0.99_r009,frozen_refinement,0.9790220909269197,0.6838467684165846,9,time_limit,0.00014250117322370723,1.6628688593435044,0.5517336058984278,0.12376395686272619,0.5560436322299948,0.0806683645744481
0.99,p10_g2_rho0.99_r009,stagewise_boosting,0.869891966626742,0.6475551781782622,9,time_limit,5.622019060465456e-05,1.5174471448050042,0.5496513154758589,0.12196502575977827,0.5095525189741497,0.07790166441896537
0.99,p10_g2_rho0.99_r010,baseline,1.8346534621526978,0.7536519347403576,1,baseline,0.0,2.5883053968930554,0.7651979651016585,0.23101255346157154,0.5726794782792985,0.05982254555517871
0.99,p10_g2_rho0.99_r010,original,1.3818463348059051,0.7262431830321479,10,component_cap,0.000133164039254619,2.108089517838053,0.6851742478332885,0.19440884741840464,0.5142018355196095,0.05854276170720102
0.99,p10_g2_rho0.99_r010,frozen_refinement,1.298108674812862,0.6932371145330092,9,time_limit,0.0001275516951953683,1.9913457893458713,0.6448507249962923,0.15352423004628887,0.4878697538624564,0.055570315445971505
0.99,p10_g2_rho0.99_r010,stagewise_boosting,0.9532462861434786,0.6753967723452626,6,no_supported_proposal,4.085577784954384e-05,1.6286430584887412,0.5589893637677141,0.1223286819469005,0.43774664496795757,0.058692474444508994
0.99,p10_g2_rho0.99_r011,baseline,1.6293287168923585,0.7273275994578241,1,baseline,0.0,2.3566563163501826,0.7240172849923763,0.20853286436757318,0.6180103529971146,0.0205179502581726
0.99,p10_g2_rho0.99_r011,original,1.2164698138673478,0.7209250157961629,10,component_cap,0.00014976779768360833,1.9373948296635106,0.640118996841305,0.17599494934807722,0.5739133375289595,0.020472723274078595
0.99,p10_g2_rho0.99_r011,frozen_refinement,1.0531646507532053,0.6646960507651776,8,time_limit,0.0001367653877541366,1.7178607015183829,0.5683082128620973,0.12527554068050115,0.5474732997559302,0.016707950160563825
0.99,p10_g2_rho0.99_r011,stagewise_boosting,0.894637546279029,0.5737118290468071,9,time_limit,7.094997593141922e-05,1.468349375325836,0.5393940963771607,0.12068576354210825,0.49526400348957483,0.016622967212419952
0.99,p10_g2_rho0.99_r012,baseline,1.7565077064954524,0.8442181794526418,1,baseline,0.0,2.600725885948094,0.7537605664603688,0.2306964689575874,0.6041798354743353,0.16828920051083865
0.99,p10_g2_rho0.99_r012,original,1.1017425758377182,0.6933704694110578,10,component_cap,9.672125577312823e-05,1.795113045248776,0.6054820958365648,0.1485857769741148,0.4808854952156949,0.16191853482967644
0.99,p10_g2_rho0.99_r012,frozen_refinement,1.2574896248488352,0.7615510891422039,8,time_limit,0.00013803336677828732,2.019040713991039,0.6385026645600949,0.15812078696409773,0.48475531346068396,0.15959243672433104
0.99,p10_g2_rho0.99_r012,stagewise_boosting,1.2688656951299162,0.7431569747355642,7,time_limit,0.0002708647605643861,2.0120226698654804,0.6427332595998301,0.1731167119327039,0.4826531531565966,0.16249961483986522
0.99,p10_g2_rho0.99_r013,baseline,2.2098888266542343,0.7800825879833173,1,baseline,0.0,2.9899714146375516,0.8148772689702715,0.2556224097107959,1.0022546597984496,0.12329200969462585
0.99,p10_g2_rho0.99_r013,original,1.597089775832445,0.7727724422089528,10,component_cap,0.00011382213128708886,2.3698622180413977,0.7370057420313505,0.21303598713283112,0.8441755021967203,0.12075380253685594
0.99,p10_g2_rho0.99_r013,frozen_refinement,2.1067056937412936,0.7759178829879936,8,time_limit,2.1788716366694665e-05,2.882623576729287,0.8018347861900212,0.25009375442706394,0.9986795686672191,0.12399183106460539
0.99,p10_g2_rho0.99_r013,stagewise_boosting,1.485666348356789,0.7763559337497181,9,time_limit,0.00016430254739337264,2.262022282106507,0.6998095997130678,0.176567541134798,0.948774935942047,0.1227327305145573
0.99,p10_g2_rho0.99_r014,baseline,1.5677664860163416,0.7262274732665093,1,baseline,0.0,2.293993959282851,0.718394358381056,0.21208490779210623,0.529067229387479,0.014428054712535108
0.99,p10_g2_rho0.99_r014,original,1.222087531316516,0.6764996502059566,10,component_cap,6.414764380238043e-05,1.8985871815224726,0.6485350297840332,0.18400619653490097,0.4947748348248381,0.014085620968226202
0.99,p10_g2_rho0.99_r014,frozen_refinement,1.5677664860163416,0.7262274732665093,1,no_supported_proposal,0.0,2.293993959282851,0.718394358381056,0.21208490779210623,0.529067229387479,0.014428054712535108
0.99,p10_g2_rho0.99_r014,stagewise_boosting,1.045825301431934,0.5784064607118877,9,time_limit,0.00012471024761231833,1.6242317621438218,0.6066823459418192,0.14403650863050682,0.44511790309569854,0.015970721316411363
0.99,p10_g2_rho0.99_r015,baseline,1.6910509740946822,0.6819877318768561,1,baseline,0.0,2.3730387059715383,0.7416414353965453,0.2220163240882866,0.5949880925257507,0.03803008868584645
0.99,p10_g2_rho0.99_r015,original,1.0467104578984272,0.6291727664969575,10,component_cap,0.0001433046974538684,1.6758832243953847,0.5925655730855065,0.1513901106760705,0.48882011511985624,0.03963330265083543
0.99,p10_g2_rho0.99_r015,frozen_refinement,1.2048796078907134,0.6414521225110943,8,time_limit,7.250849854743339e-05,1.8463317304018076,0.6240774330481637,0.14728834559716414,0.49317993101432844,0.040400615719728944
0.99,p10_g2_rho0.99_r015,stagewise_boosting,1.0370166862365722,0.5694832854485881,9,time_limit,0.0002796306637352878,1.6064999716851602,0.5897623421584237,0.14452229782756304,0.43787338957730637,0.040974710607371234
0.99,p10_g2_rho0.99_r016,baseline,1.6141318217821317,0.7048436899388681,1,baseline,0.0,2.318975511721,0.7257834363970405,0.21486049998461115,0.5976968046433957,0.05182544588767943
0.99,p10_g2_rho0.99_r016,original,0.8286344432317956,0.6726240257447065,9,time_limit,7.251451575993619e-05,1.501258468976502,0.5267488512636199,0.10766979848930243,0.45890449006893475,0.04644210709612816
0.99,p10_g2_rho0.99_r016,frozen_refinement,1.1503663976015608,0.6558785766608943,7,time_limit,9.568813817886507e-05,1.8062449742624551,0.6023434866985823,0.14214361751014032,0.5463592187234829,0.04692654707533314
0.99,p10_g2_rho0.99_r016,stagewise_boosting,1.1212239527047478,0.574384508426794,6,no_supported_proposal,0.00010046907438989055,1.6956084611315418,0.616552019640663,0.12032235186779164,0.4584285282924264,0.049759134661707616
0.99,p10_g2_rho0.99_r017,baseline,1.8839251071262095,0.7626253361974806,1,baseline,0.0,2.64655044332369,0.7737966701232325,0.23498556126025383,0.5647841555812512,0.032090177352564114
0.99,p10_g2_rho0.99_r017,original,1.4851349522207793,0.7255952388978135,10,component_cap,9.697386228036896e-05,2.210730191118593,0.7023143377821417,0.20354484807135353,0.5081475570721026,0.031681706105909216
0.99,p10_g2_rho0.99_r017,frozen_refinement,1.4922763053152934,0.7944722093262442,7,time_limit,0.0001171586783675355,2.2867485146415376,0.6809133116872107,0.12564543841941278,0.5445588636696506,0.03888295111953113
0.99,p10_g2_rho0.99_r017,stagewise_boosting,1.1967329765557233,0.8635484479414677,8,time_limit,0.00015940916994320475,2.060281424497191,0.6043651984330825,0.1160369741124426,0.44012533311251506,0.04158870683977176
0.99,p10_g2_rho0.99_r018,baseline,1.4628208099597648,0.7072585628891099,1,baseline,0.0,2.1700793728488748,0.6875519177202913,0.19751714000074636,0.6132970803765563,0.07799650993652384
0.99,p10_g2_rho0.99_r018,original,1.0886847895144731,0.6651478443402974,10,component_cap,0.000301983289978334,1.7538326338547705,0.6070550100792673,0.16480176489273682,0.5545331382449901,0.081000988090046
0.99,p10_g2_rho0.99_r018,frozen_refinement,1.3414400770717894,0.7251344842739851,8,time_limit,0.00022343869513703407,2.0665745613457744,0.668596933058746,0.1900932262616588,0.6094534030964833,0.07767492011815637
0.99,p10_g2_rho0.99_r018,stagewise_boosting,1.0156327346537957,0.6588385389739706,8,time_limit,0.00017863625351783376,1.6744712736277663,0.5959473647127974,0.1570082061888584,0.5088947537803403,0.07872824739672943
0.99,p10_g2_rho0.99_r019,baseline,1.457282865703909,0.6722777311817871,1,baseline,0.0,2.129560596885696,0.6908807389609704,0.19935049620764694,0.5654744177909713,0.0238724270544739
0.99,p10_g2_rho0.99_r019,original,1.0807753752519536,0.653203688707499,10,component_cap,5.803817905744682e-05,1.7339790639594526,0.6138590151162997,0.168766334517027,0.5242872215318152,0.02396474300120758
0.99,p10_g2_rho0.99_r019,frozen_refinement,1.1778745991660877,0.6677831139925636,8,time_limit,8.523929321917843e-05,1.8456577131586513,0.6148841492356862,0.15634762168384891,0.5082182158751054,0.02463995432488359
0.99,p10_g2_rho0.99_r019,stagewise_boosting,0.9268632371965827,0.5000216926346136,6,no_supported_proposal,0.00012961137059176446,1.4268849298311963,0.5594326302382141,0.11993699319842124,0.41327424849159755,0.026280350081318585
0.99,p10_g2_rho0.99_r020,baseline,1.671080415783806,0.7454947080226471,1,baseline,0.0,2.416575123806453,0.7328839979839146,0.21640399864143472,0.6958206411234612,0.07317434137115472
0.99,p10_g2_rho0.99_r020,original,1.2263153069933146,0.7555528003439058,10,component_cap,0.00011744819944964283,1.9818681073372204,0.6514935155757487,0.1815296416741259,0.6356590709428056,0.07554229215092115
0.99,p10_g2_rho0.99_r020,frozen_refinement,1.375068262677846,0.7694647891646407,7,time_limit,8.987904845740997e-05,2.1445330518424868,0.6535978402843431,0.1305659792196115,0.5945770471297587,0.06629946601238712
0.99,p10_g2_rho0.99_r020,stagewise_boosting,1.2782762482562533,0.708189269784961,9,time_limit,5.499173552248987e-05,1.9864655180412143,0.6617516234680806,0.1618524431462373,0.6121840570223348,0.07081875008204416
0.99,p10_g2_rho0.99_r021,baseline,1.6653869279851314,0.7091630133728095,1,baseline,0.0,2.374549941357941,0.7372781798613736,0.2202685467483545,0.556281864016061,0.03686845145489347
0.99,p10_g2_rho0.99_r021,original,0.9313629346587716,0.6304079638202041,10,component_cap,0.00015728501404736506,1.5617708984789758,0.5555683372294506,0.13146150319606906,0.4479885307314809,0.03379760283695327
0.99,p10_g2_rho0.99_r021,frozen_refinement,1.0915812829034635,0.6381277813424746,8,time_limit,8.075354036224389e-05,1.729709064245938,0.5913293674997799,0.1353685409857876,0.45051488598381556,0.03298598792507673
0.99,p10_g2_rho0.99_r021,stagewise_boosting,0.8703815420544087,0.6369202308114,7,time_limit,0.00021168111016047647,1.5073017728658087,0.5286278298172246,0.13404231788067286,0.40762205984969047,0.031359127027221684
0.99,p10_g2_rho0.99_r022,baseline,1.745411893080118,0.7758995236032284,1,baseline,0.0,2.5213114166833464,0.7551768122960023,0.23127985335209506,0.5056325588207063,0.10870408033685912
0.99,p10_g2_rho0.99_r022,original,1.3884452725765364,0.7175762858986978,10,component_cap,0.0001610955986893389,2.106021558475234,0.6900703779098187,0.2024694550396473,0.46725238817944936,0.10948722441111082
0.99,p10_g2_rho0.99_r022,frozen_refinement,1.4370900876408261,0.8121437421628168,8,time_limit,0.00011625111783254511,2.249233829803643,0.6728586599292221,0.14563338529248832,0.42374407133092334,0.11025025824264796
0.99,p10_g2_rho0.99_r022,stagewise_boosting,1.381185755128644,0.7849695442639555,7,no_supported_proposal,4.7196157414743946e-05,2.1661552993925994,0.6335865979822243,0.1352406254525645,0.4026540269284162,0.10976654997962734
0.99,p10_g2_rho0.99_r023,baseline,1.9746930930485151,0.7772133465393691,1,baseline,0.0,2.7519064395878843,0.7862055407710087,0.24041775232113202,0.5904083949000327,0.18897375464215577
0.99,p10_g2_rho0.99_r023,original,1.5283728137328783,0.7894992434133965,10,component_cap,8.934526087868987e-05,2.3178720571462748,0.7172117053582996,0.20581761244321545,0.5321927245777293,0.1933907393070819
0.99,p10_g2_rho0.99_r023,frozen_refinement,1.5662246659498207,0.8289065744215209,8,time_limit,6.102571151826371e-05,2.3951312403713416,0.699659665825803,0.12902990122216146,0.5144945693492485,0.19305953855462973
0.99,p10_g2_rho0.99_r023,stagewise_boosting,0.9549531185181735,0.6942180504933787,8,time_limit,0.0001577318679413025,1.6491711690115523,0.5581544190594063,0.11813080669095173,0.4477017393434023,0.1798548192200873
0.99,p10_g2_rho0.99_r024,baseline,2.2261967617610305,0.8316687432065852,1,baseline,0.0,3.0578655049676158,0.8198030291239837,0.27156773638075177,0.738248047799245,0.03976733496834055
0.99,p10_g2_rho0.99_r024,original,1.2356535036381113,0.9209564629575415,10,component_cap,5.038541062779658e-05,2.156609966595653,0.6376655713613838,0.11860650254616116,0.6001838857270657,0.02907019478614647
0.99,p10_g2_rho0.99_r024,frozen_refinement,1.5971406394098357,0.8372315704727606,8,time_limit,7.553401305107284e-05,2.4343722098825964,0.6972643367975209,0.12429787063104332,0.6435694766979475,0.027739422793968994
0.99,p10_g2_rho0.99_r024,stagewise_boosting,0.9396740590437043,0.7941901582151365,6,no_supported_proposal,0.0001159674372129663,1.7338642172588408,0.5523775915725425,0.13486865912319393,0.5526164347167812,0.025737294943815905
0.99,p10_g2_rho0.99_r025,baseline,2.0589376324791626,0.7269980206899493,1,baseline,0.0,2.785935653169112,0.8013612601292264,0.25060115560084834,0.5428474151874008,0.02135036680848465
0.99,p10_g2_rho0.99_r025,original,1.6041527121538801,0.7385271362948946,10,component_cap,0.0001991291129901691,2.3426798484487747,0.7389629877269241,0.21515998619519822,0.4836009931663594,0.020627610551233792
0.99,p10_g2_rho0.99_r025,frozen_refinement,1.9336104800022995,0.7428347573686067,8,time_limit,0.0007026076820304367,2.6764452373709062,0.7816760322149352,0.2427705909389509,0.539216512808891,0.02104354047981386
0.99,p10_g2_rho0.99_r025,stagewise_boosting,1.1797427241196097,0.6600802497179608,10,component_cap,0.00033748390163143127,1.8398229738375704,0.6272578498442609,0.15339971889470336,0.46217982131657104,0.02319986096880671
0.99,p10_g2_rho0.99_r026,baseline,1.891693338674001,0.707555701841871,1,baseline,0.0,2.599249040515872,0.7752438041427835,0.23646879445975202,0.5721644074698409,0.10600927374746301
0.99,p10_g2_rho0.99_r026,original,1.483581312836943,0.703165917562476,10,component_cap,3.405317407188606e-05,2.186747230399419,0.7063695969732838,0.2029906460898953,0.5059490021508573,0.10313362512277217
0.99,p10_g2_rho0.99_r026,frozen_refinement,1.2448302726020537,0.6299428980014858,7,time_limit,6.177420709189295e-05,1.8747731706035395,0.6372659386884818,0.15105441249780638,0.46410901774633484,0.09488114924446453
0.99,p10_g2_rho0.99_r026,stagewise_boosting,1.0402876764396907,0.7367158169942116,8,time_limit,8.417203871801632e-05,1.7770034934339023,0.5884589214049375,0.13608450288845547,0.42388079514425053,0.093705301404131
0.99,p10_g2_rho0.99_r027,baseline,1.888050188553988,0.8119695374251299,1,baseline,0.0,2.700019725979118,0.7649637044917987,0.23096679628234415,0.7763429755043185,0.12962763162841992
0.99,p10_g2_rho0.99_r027,original,1.2107745985207332,0.7627078830893295,10,component_cap,5.14033170423079e-05,1.9734824816100627,0.6461934317562676,0.1729458857287619,0.6333344335143252,0.13268139121556186
0.99,p10_g2_rho0.99_r027,frozen_refinement,1.2161832569898268,0.7639965577603745,7,time_limit,4.6455008805555096e-05,1.9801798147502012,0.6232130263281801,0.15042069700642968,0.6602276752578072,0.11594113106555218
0.99,p10_g2_rho0.99_r027,stagewise_boosting,0.9434406982852875,0.6211553285254597,8,time_limit,6.353967729652028e-05,1.5645960268107473,0.5615266843502065,0.10898096993019697,0.5907485384290145,0.12497442994076763
0.99,p10_g2_rho0.99_r028,baseline,1.912049795375791,0.7242265531949126,1,baseline,0.0,2.6362763485707035,0.7794344226300747,0.23610375466909864,0.5494823085472683,0.10531488748117941
0.99,p10_g2_rho0.99_r028,original,1.5038213147608557,0.7058723506871021,10,component_cap,0.00010430889889961675,2.2096936654479578,0.7153310036889355,0.20271097966853593,0.4986275015301224,0.10503333777104418
0.99,p10_g2_rho0.99_r028,frozen_refinement,1.5044311407891238,0.6824742155041283,7,time_limit,6.200888176598238e-05,2.186905356293252,0.7001323748949334,0.17070141404647848,0.4010629041231142,0.10546336958477422
0.99,p10_g2_rho0.99_r028,stagewise_boosting,0.7459411816148735,0.604671677702755,8,time_limit,8.32324669644813e-05,1.3506128593176285,0.5032167301924022,0.10686488739218673,0.37953954298882914,0.11161300282539259
0.99,p10_g2_rho0.99_r029,baseline,1.4045148082863776,0.7767897741333569,1,baseline,0.0,2.1813045824197346,0.6649060481890607,0.1894442362789363,0.6919240642491872,0.30972593110112634
0.99,p10_g2_rho0.99_r029,original,1.0056128481769404,0.7387004434829736,10,component_cap,0.00012145425253860394,1.744313291659914,0.5823697421576838,0.15783607055289237,0.6344179304907805,0.30812632362706166
0.99,p10_g2_rho0.99_r029,frozen_refinement,1.3676446973157372,0.7956994876357679,6,no_supported_proposal,7.68440043166632e-05,2.163344184951505,0.6566123566465905,0.1822922915033354,0.6696283174778077,0.3092105318681761
0.99,p10_g2_rho0.99_r029,stagewise_boosting,1.1422283160542839,0.7758619591268521,4,no_supported_proposal,0.00011419974687158724,1.918090275181136,0.5927955289219271,0.1490192056232349,0.6407330130942882,0.31107839142515364
0.99,p10_g2_rho0.99_r030,baseline,1.6409084748137373,0.8189481351365346,1,baseline,0.0,2.459856609950272,0.7197790960344965,0.20725648496009175,0.7012202150695663,0.047599613794164025
0.99,p10_g2_rho0.99_r030,original,1.1610300015721524,0.8150680685979363,10,component_cap,9.73710558802469e-05,1.9760980701700888,0.6338139534821035,0.17215854691332172,0.6251596522202374,0.04802613834719589
0.99,p10_g2_rho0.99_r030,frozen_refinement,1.469941915191157,0.8008961809266495,3,no_supported_proposal,0.0002019958017542549,2.2708380961178065,0.6833678606690711,0.17649167972623775,0.614705476598165,0.04924854152035302
0.99,p10_g2_rho0.99_r030,stagewise_boosting,0.7997116436238405,0.805510966261114,10,component_cap,4.8940141754171575e-05,1.6052226098849545,0.4949322343718461,0.11058470093849822,0.5971215385872732,0.0538311408183322
0.99,p10_g2_rho0.99_r031,baseline,2.134815274836615,0.7974692556576426,1,baseline,0.0,2.9322845304942575,0.8029501982224164,0.24563835125230854,0.5911324998378485,0.07697540407930566
0.99,p10_g2_rho0.99_r031,original,1.598150485770253,0.792497504640268,10,component_cap,7.015595661429015e-05,2.390647990410521,0.7327967247559162,0.20595697440296679,0.5013768505733694,0.07375428253130287
0.99,p10_g2_rho0.99_r031,frozen_refinement,1.4937713715485752,0.7662028977850572,7,time_limit,0.00011490429598428065,2.2599742693336324,0.680645999516956,0.11762790644913453,0.4901113762985598,0.07204140898564396
0.99,p10_g2_rho0.99_r031,stagewise_boosting,0.6901460917987067,0.6625686000459395,8,time_limit,1.81181797658352e-05,1.3527146918446462,0.46594707709812566,0.08949675355855562,0.4242753944466676,0.07046898018330765
0.99,p10_g2_rho0.99_r032,baseline,1.8508883417060136,0.7625864221125593,1,baseline,0.0,2.613474763818573,0.7685806870765998,0.23561085191597825,0.6387470315561341,0.02819666914218807
0.99,p10_g2_rho0.99_r032,original,1.367039164792706,0.8013575447311838,10,component_cap,0.00019503760551577395,2.16839670952389,0.6841285589808557,0.19655532912433704,0.5772786883688508,0.027512759410914953
0.99,p10_g2_rho0.99_r032,frozen_refinement,1.232987455685615,0.6693262254132524,7,time_limit,9.590381600390223e-05,1.9023136810988674,0.6286216643587816,0.15537866641002954,0.5191311833340203,0.03142424067022988
0.99,p10_g2_rho0.99_r032,stagewise_boosting,1.156681052333493,0.7096972718017973,7,time_limit,0.00012555777506419074,1.8663783241352903,0.6016387235582421,0.15538251251272212,0.5016259445236241,0.032464071922591584
0.99,p10_g2_rho0.99_r033,baseline,1.7591990649680558,0.7056847533681629,1,baseline,0.0,2.4648838183362187,0.7545033734684167,0.22858958923883294,0.5679783792025207,0.10815726855811027
0.99,p10_g2_rho0.99_r033,original,1.367941133115869,0.6708990770901777,10,component_cap,0.00020192152974220245,2.0388402102060468,0.6789657341585611,0.1971968568140821,0.505546738901625,0.1053972347841283
0.99,p10_g2_rho0.99_r033,frozen_refinement,1.3522922566121394,0.7408232245188473,8,time_limit,8.267664450489186e-05,2.0931154811309867,0.6545491398652439,0.11645992705091257,0.46689121266412287,0.11345929206940468
0.99,p10_g2_rho0.99_r033,stagewise_boosting,1.2189906947588767,0.6662426502782595,6,no_supported_proposal,0.0003201090562908086,1.8852333450371361,0.6405968112577898,0.11465686590080644,0.42230252280409464,0.11356555695380961
0.99,p10_g2_rho0.99_r034,baseline,1.3758274556106247,0.7361035918574654,1,baseline,0.0,2.11193104746809,0.652624193186117,0.18134409085530773,0.6593641135073025,0.06954326603362958
0.99,p10_g2_rho0.99_r034,original,0.8920746920033041,0.7111239429126511,10,component_cap,5.937724334313381e-05,1.6031986349159553,0.5598499490364914,0.14423481203445482,0.5746103931752851,0.07156065679068967
0.99,p10_g2_rho0.99_r034,frozen_refinement,1.0697303176159698,0.7089531595613829,8,time_limit,0.00010774702786444966,1.7786834771773528,0.5745954764891662,0.1283811773292423,0.6132802422448234,0.06593545657134124
0.99,p10_g2_rho0.99_r034,stagewise_boosting,0.9574841544057999,0.743944156503699,9,time_limit,0.00015410685351451256,1.701428310909499,0.5428150994252317,0.11693209712336539,0.5914382272615659,0.0674322507321935
0.99,p10_g2_rho0.99_r035,baseline,1.5785197624756577,0.7514719802604546,1,baseline,0.0,2.3299917427361123,0.7160993219049304,0.20948455886407058,0.5841957840792974,0.0894879240643943
0.99,p10_g2_rho0.99_r035,original,1.2034882558661846,0.7217088516540062,10,component_cap,6.498516819744737e-05,1.9251971075201908,0.637811289907138,0.17761321812682848,0.5208908180315912,0.09001616088525721
0.99,p10_g2_rho0.99_r035,frozen_refinement,1.0640474565180673,0.687591694341152,9,time_limit,0.00020212873906928937,1.7516391508592193,0.5732249005791799,0.13307700966344907,0.5400886501220394,0.08146339283095
0.99,p10_g2_rho0.99_r035,stagewise_boosting,1.0851511313202262,0.7066456035729349,2,no_supported_proposal,1.0123895835396846e-06,1.7917967348931612,0.5785718838707641,0.13316418522356657,0.5422621547792139,0.0812790451446522
0.99,p10_g2_rho0.99_r036,baseline,1.8547460360950527,0.8118922937598381,1,baseline,0.0,2.666638329854891,0.7654524338164165,0.22621962678320032,0.6181036927405023,0.054022805774471765
0.99,p10_g2_rho0.99_r036,original,1.4198537905299544,0.7837765458077841,10,component_cap,0.00019735513339598458,2.2036303363377385,0.6906678760189676,0.1930355595037722,0.5716533810584642,0.05228936340045143
0.99,p10_g2_rho0.99_r036,frozen_refinement,1.8547460360950527,0.8118922937598381,1,no_supported_proposal,0.0,2.666638329854891,0.7654524338164165,0.22621962678320032,0.6181036927405023,0.054022805774471765
0.99,p10_g2_rho0.99_r036,stagewise_boosting,1.1112335194972056,0.7504435812811954,5,no_supported_proposal,9.48882247360105e-06,1.861677100778401,0.5877430829454922,0.13321658662322955,0.5215137587566537,0.0567254151445359
0.99,p10_g2_rho0.99_r037,baseline,1.993085743455135,0.8105200757389972,1,baseline,0.0,2.803605819194132,0.7896679692296686,0.241299351039613,0.5562227694505386,0.0945061221468248
0.99,p10_g2_rho0.99_r037,original,1.6045644378290493,0.7490668746176095,10,component_cap,7.346604312436034e-05,2.353631312446659,0.728616077585201,0.21359766101896582,0.49918909882814655,0.09316270156178458
0.99,p10_g2_rho0.99_r037,frozen_refinement,1.6624377594177342,0.7530492465360017,7,time_limit,3.198237409047556e-05,2.415487005953736,0.7296418939990126,0.18365604387588225,0.4959200379055176,0.09100066156782938
0.99,p10_g2_rho0.99_r037,stagewise_boosting,1.0386151059758115,0.7525132210107264,7,no_supported_proposal,7.999694732256436e-05,1.791128326986538,0.5924550040209766,0.11704330339993003,0.4054674815560685,0.08880990725649829
0.99,p10_g2_rho0.99_r038,baseline,1.783538096599612,0.7427722267337433,1,baseline,0.0,2.5263103233333553,0.7607750734588519,0.23077825806918853,0.544280737170199,0.057291837835830264
0.99,p10_g2_rho0.99_r038,original,1.4097527865276454,0.7149232845439379,10,component_cap,5.7690709389926675e-05,2.1246760710715833,0.6880834084108646,0.20113702595005334,0.5024860358813763,0.058139708111265294
0.99,p10_g2_rho0.99_r038,frozen_refinement,1.3047123681000963,0.7589202232435375,9,time_limit,5.687565236346019e-05,2.0636325913436337,0.6433674453976319,0.09947552703509913,0.46299337910855004,0.05918422783102008
0.99,p10_g2_rho0.99_r038,stagewise_boosting,0.770736433415525,0.7100517778118879,9,time_limit,2.927140866141469e-05,1.4807882112274129,0.5105099713549859,0.09782382498950018,0.32593502913613387,0.06066246000437611
0.99,p10_g2_rho0.99_r039,baseline,2.069838708926593,0.9514271452421958,1,baseline,0.0,3.0212658541687887,0.7876408102808896,0.23123915482836935,0.6345872630508275,0.047391627574977876
0.99,p10_g2_rho0.99_r039,original,1.5377851592502938,0.8323124656021972,10,component_cap,7.504980165896639e-05,2.370097624852491,0.7078365845795187,0.19703803993432384,0.5423574116603082,0.04522628528684731
0.99,p10_g2_rho0.99_r039,frozen_refinement,1.5168886790868377,0.9172256979542746,9,time_limit,0.00015250926806689935,2.434114377041112,0.6864056142669963,0.13202842995751474,0.5749763109257799,0.05540885292690472
0.99,p10_g2_rho0.99_r039,stagewise_boosting,0.7043203882454013,0.8045227192447423,8,time_limit,0.00016456581669275203,1.5088431074901436,0.481932420077454,0.09881541625976464,0.44503672615967954,0.056174206659444836
0.99,p10_g2_rho0.99_r040,baseline,1.5614436750335852,0.7320413004986737,1,baseline,0.0,2.293484975532259,0.7135698758458635,0.21063888447266105,0.6546027953506468,0.05338940294447235
0.99,p10_g2_rho0.99_r040,original,1.0073282581576422,0.7732466118577861,10,component_cap,0.00010673256005058424,1.7805748700154282,0.584129270043404,0.12336296405372751,0.5167321375994888,0.05146665788440012
0.99,p10_g2_rho0.99_r040,frozen_refinement,1.2651111714124261,0.7574262939927672,9,time_limit,3.869767209525732e-05,2.0225374654051933,0.6261541279996198,0.12336898935854268,0.5461603342015711,0.05034192025252214
0.99,p10_g2_rho0.99_r040,stagewise_boosting,0.9889472588649107,0.6983019867934465,9,time_limit,2.653581509137369e-05,1.6872492456583572,0.5736663323018354,0.12572183549419652,0.4632205052201284,0.04950603619581989
0.99,p10_g2_rho0.99_r041,baseline,1.591716677010009,0.8426477426736374,1,baseline,0.0,2.4343644196836465,0.6862695227987444,0.1883281273240045,1.0175922557973327,0.11513487938247745
0.99,p10_g2_rho0.99_r041,original,0.9211029969305842,0.8333012428174498,10,component_cap,5.377826618197042e-05,1.754404239748034,0.5777202973521194,0.14352804173198272,0.8521178050824428,0.11379042985118236
0.99,p10_g2_rho0.99_r041,frozen_refinement,1.278207497616536,0.7888811945001835,8,time_limit,8.262429754599804e-05,2.0670886921167195,0.6347736623235166,0.15380590955472234,0.8894702978155137,0.11519651382324471
0.99,p10_g2_rho0.99_r041,stagewise_boosting,1.1287793581126324,0.8142857275693258,4,no_supported_proposal,7.2923450296676e-05,1.9430650856819582,0.6214717932712427,0.14338491564232336,0.8446937648407159,0.1134511516057573
0.99,p10_g2_rho0.99_r042,baseline,1.4613526916926471,0.8005276097777372,1,baseline,0.0,2.2618803014703843,0.6838048167963384,0.19614950404622275,0.6701390358657726,0.06286765159343473
0.99,p10_g2_rho0.99_r042,original,1.0355175867564932,0.7470852563983619,10,component_cap,8.96495408536047e-05,1.782602843154855,0.5992136945866742,0.16445108454879367,0.6052565105644037,0.06092698575667605
0.99,p10_g2_rho0.99_r042,frozen_refinement,1.021515298049445,0.7206730304064295,9,time_limit,0.0002292055321679785,1.7421883284558746,0.5695260332396684,0.13387237652339662,0.5638129669693673,0.05563585198596728
0.99,p10_g2_rho0.99_r042,stagewise_boosting,0.8408072075902333,0.7200132656635225,10,component_cap,8.139475396874562e-05,1.5608204732537558,0.5317901106907874,0.11208503181143833,0.5222629895059905,0.05836983556567856
0.99,p10_g2_rho0.99_r043,baseline,1.821938363090643,0.8113782946872183,1,baseline,0.0,2.6333166577778613,0.7690777838794981,0.23779406625972851,0.4541560728108728,0.14175728046909883
0.99,p10_g2_rho0.99_r043,original,1.492797082246124,0.7042513537563941,10,component_cap,0.00011731646815517221,2.197048436002518,0.7106301094506555,0.20920461644368485,0.4120297801125258,0.1454895811145355
0.99,p10_g2_rho0.99_r043,frozen_refinement,1.4987490926569238,0.8333016368633308,9,time_limit,9.962594554617537e-05,2.3320507295202546,0.6891311796868768,0.1440237881465439,0.39202872925658544,0.132752895650061
0.99,p10_g2_rho0.99_r043,stagewise_boosting,1.1230452139048541,0.7104459614390333,10,component_cap,0.0001499841760675054,1.8334911753438874,0.6224690386398053,0.1327908183088739,0.34489808975316877,0.14700545554179348
0.99,p10_g2_rho0.99_r044,baseline,1.4204412107416076,0.7545530280007995,1,baseline,0.0,2.174994238742407,0.675802719866061,0.19209141302631208,0.6740659373671187,0.027957664947244346
0.99,p10_g2_rho0.99_r044,original,1.0620467189621192,0.7026471216768218,10,component_cap,0.00010482628996949609,1.764693840638941,0.6002801684550251,0.16263823269065675,0.6154436261210959,0.02766998080668477
0.99,p10_g2_rho0.99_r044,frozen_refinement,0.9753601103893156,0.6842179191206857,9,time_limit,7.965588863345427e-05,1.6595780295100013,0.5509619018147693,0.12846260460585088,0.5525064272427181,0.032663709328895715
0.99,p10_g2_rho0.99_r044,stagewise_boosting,0.7837558498309479,0.7605777006154196,9,time_limit,0.0001366237295584748,1.5443335504463676,0.5075002012381535,0.1006286119693857,0.48511518932518294,0.033157222799154465
0.99,p10_g2_rho0.99_r045,baseline,1.3506064848896284,0.7269936306077329,1,baseline,0.0,2.0776001154973613,0.6619331940874491,0.19046420096224997,0.6267023111657557,0.08694893482245779
0.99,p10_g2_rho0.99_r045,original,0.9952179573639945,0.6775456822833128,10,component_cap,0.00012780620835216576,1.6727636396473073,0.5902677501015898,0.16123353240686605,0.5869417515002119,0.08706756124963708
0.99,p10_g2_rho0.99_r045,frozen_refinement,1.266723745759265,0.6811670648602826,9,time_limit,0.0001565140567485869,1.9478908106195476,0.6483828143433281,0.1853771771365635,0.6230056217407842,0.08628409801743779
0.99,p10_g2_rho0.99_r045,stagewise_boosting,0.9581950226901361,0.682461930460972,9,time_limit,0.00022122492371157048,1.6406569531511082,0.563578269165252,0.13843755076890024,0.5438035743765925,0.08847996520715477
0.99,p10_g2_rho0.99_r046,baseline,1.9542198366753016,0.7390489207558399,1,baseline,0.0,2.6932687574311416,0.7840917910624432,0.24292055417596656,0.5950696075716772,0.19478767774140487
0.99,p10_g2_rho0.99_r046,original,1.4915443721794577,0.7137712336020212,10,component_cap,0.00016127594030260577,2.205315605781479,0.7121176756267718,0.20796749608049847,0.5359396999699512,0.19065295718669345
0.99,p10_g2_rho0.99_r046,frozen_refinement,1.4204199974610505,0.6938140986530099,9,time_limit,0.00016517433679493474,2.1142340961140604,0.6753272879907334,0.1662781684801776,0.5127303584805857,0.18599063649893735
0.99,p10_g2_rho0.99_r046,stagewise_boosting,1.1655556009572803,0.7354332677017754,9,time_limit,0.00010901100286546082,1.9009888686590557,0.6254758217182534,0.14965096793691196,0.45893944142389015,0.18515917311980462
0.99,p10_g2_rho0.99_r047,baseline,2.0216055338626795,0.7796891239961745,1,baseline,0.0,2.801294657858854,0.7980008583662299,0.2492533022306867,0.4798279466793239,0.12116588448714097
0.99,p10_g2_rho0.99_r047,original,1.5651742032928755,0.783315668945961,10,component_cap,0.00012930549771536395,2.3484898722388365,0.7275570688790534,0.21625123555246892,0.4338551383606652,0.11950633212716201
0.99,p10_g2_rho0.99_r047,frozen_refinement,1.4581162227185254,0.8153020219407003,9,time_limit,0.00011388579013081661,2.2734182446592257,0.6830600191382916,0.10165422563890322,0.4263022276567755,0.1193116450260521
0.99,p10_g2_rho0.99_r047,stagewise_boosting,0.9193958441728615,0.6413684964383745,5,no_supported_proposal,8.023180054604526e-06,1.560764340611236,0.5601713806674513,0.12824050520215524,0.3672229032655479,0.1183032392220991
0.99,p10_g2_rho0.99_r048,baseline,1.3783409971325278,0.735900357824304,1,baseline,0.0,2.1142413549568317,0.6659380286346742,0.1919721915121671,0.6189681153414527,0.0390001164490839
0.99,p10_g2_rho0.99_r048,original,0.9809310253239009,0.7160506181055094,10,component_cap,8.04312342166214e-05,1.6969816434294103,0.5868674915825456,0.16013736112559568,0.5703808817319617,0.04009253741326395
0.99,p10_g2_rho0.99_r048,frozen_refinement,1.3048070113046657,0.6911694278707137,9,time_limit,0.00017491658485175001,1.9959764391753794,0.6534842308183672,0.18571172364791977,0.6160014703862073,0.04033271647375211
0.99,p10_g2_rho0.99_r048,stagewise_boosting,1.3783409971325278,0.735900357824304,1,no_supported_proposal,0.0,2.1142413549568317,0.6659380286346742,0.1919721915121671,0.6189681153414527,0.0390001164490839
0.99,p10_g2_rho0.99_r049,baseline,1.4594368027232487,0.7648854041947548,1,baseline,0.0,2.2243222069180035,0.6905854139648429,0.19862764518316142,0.605833695120686,0.05297362937846857
0.99,p10_g2_rho0.99_r049,original,1.11155726414259,0.6877456270732978,10,component_cap,1.696050019008915e-05,1.7993028912158877,0.6202712457695063,0.17027970823288277,0.5642411296730319,0.05453748831843585
0.99,p10_g2_rho0.99_r049,frozen_refinement,1.2433517215761334,0.7991399617701298,9,time_limit,5.252428470708874e-05,2.042491683346263,0.626104141288573,0.13985947199171936,0.5071135900500469,0.052638407809093804
0.99,p10_g2_rho0.99_r049,stagewise_boosting,0.8377176610826276,0.7581278594778318,9,no_supported_proposal,0.00021972600668613507,1.5958455205604594,0.5143626785827631,0.10529827771164915,0.4543803202082137,0.05572852990590604
